Accession ID	Collection date	Submission date	Location
EPI_ISL_18055899	2023-06-26	2023-08-01	Asia / Japan / Tokyo
EPI_ISL_18055900	2023-06-26	2023-08-01	Asia / Japan / Tokyo
EPI_ISL_18059182	2023-06-27	2023-08-02	Asia / China / Yunnan
EPI_ISL_18059183	2023-06-28	2023-08-02	Asia / China / Yunnan
EPI_ISL_18059184	2023-07-03	2023-08-02	Asia / China / Yunnan
EPI_ISL_18064640	2022-07-19	2023-08-03	Europe / Italy / Piedmont
EPI_ISL_18064641	2022-09-05	2023-08-03	Europe / Italy / Piedmont
EPI_ISL_18064642	2022-11-15	2023-08-03	Europe / Italy / Piedmont
EPI_ISL_18064643	2022-07-11	2023-08-03	Europe / Italy / Piedmont
EPI_ISL_18064644	2022-08-11	2023-08-03	Europe / Italy / Piedmont
EPI_ISL_18064645	2022-06-14	2023-08-03	Europe / Italy / Piedmont
EPI_ISL_18064646	2022-07-25	2023-08-03	Europe / Italy / Piedmont
EPI_ISL_18064647	2022-07-29	2023-08-03	Europe / Italy / Piedmont
EPI_ISL_18064648	2022-08-02	2023-08-03	Europe / Italy / Piedmont
EPI_ISL_18075506	2023-05-01	2023-08-08	Asia / Japan / Tokyo
EPI_ISL_18075507	2023-05-01	2023-08-08	Asia / Japan / Tokyo
EPI_ISL_18075508	2023-07-07	2023-08-08	Asia / Japan / Tokyo
EPI_ISL_18076378	2023-07-07	2023-08-08	Europe / Portugal
EPI_ISL_18076379	2023-06-27	2023-08-08	Europe / Portugal
EPI_ISL_18076380	2023-07-07	2023-08-08	Europe / Portugal
EPI_ISL_18076381	2023-07-04	2023-08-08	Europe / Portugal
EPI_ISL_18076382	2023-06-27	2023-08-08	Europe / Portugal
EPI_ISL_18076383	2023-07-18	2023-08-08	Europe / Portugal
EPI_ISL_18076384	2023-07-10	2023-08-08	Europe / Portugal
EPI_ISL_18076385	2023-06-29	2023-08-08	Europe / Portugal
EPI_ISL_18076386	2023-07-04	2023-08-08	Europe / Portugal
EPI_ISL_18076387	2023-07-03	2023-08-08	Europe / Portugal
EPI_ISL_18076388	2023-06-27	2023-08-08	Europe / Portugal
EPI_ISL_18076389	2023-07-07	2023-08-08	Europe / Portugal
EPI_ISL_18097375	2023-05-02	2023-08-14	Asia / Japan / Tokyo
EPI_ISL_18125028	2023-04	2023-08-22	North America / USA / Washington
EPI_ISL_18125029	2023-01	2023-08-22	North America / USA / Washington
EPI_ISL_18125030	2023-01	2023-08-22	North America / USA / Washington
EPI_ISL_18125031	2023-01	2023-08-22	North America / USA / Washington
EPI_ISL_18125032	2022-12	2023-08-22	North America / USA / Washington
EPI_ISL_18125033	2023-01	2023-08-22	North America / USA / Washington
EPI_ISL_18125034	2023-01	2023-08-22	North America / USA / Washington
EPI_ISL_18125035	2023-04	2023-08-22	North America / USA / Washington
EPI_ISL_18125036	2023-03	2023-08-22	North America / USA / Washington
EPI_ISL_18125037	2023-02	2023-08-22	North America / USA / Washington
EPI_ISL_18125038	2023-03	2023-08-22	North America / USA / Washington
EPI_ISL_18125039	2023-03	2023-08-22	North America / USA / Washington
EPI_ISL_18125040	2023-06	2023-08-22	North America / USA / Washington
EPI_ISL_18125041	2023-01	2023-08-22	North America / USA / Washington
EPI_ISL_18125042	2022-12	2023-08-22	North America / USA / Washington
EPI_ISL_18125043	2022-09	2023-08-22	North America / USA / Washington
EPI_ISL_18125044	2023-02	2023-08-22	North America / USA / Washington
EPI_ISL_18125045	2022-08	2023-08-22	North America / USA / Washington
EPI_ISL_18125046	2022-09	2023-08-22	North America / USA / Washington
EPI_ISL_18128768	2022-06-03	2023-08-23	Europe / France
EPI_ISL_18131371	2022-07	2023-08-24	Europe / Germany
EPI_ISL_18131372	2022-07	2023-08-24	Europe / Germany
EPI_ISL_18131373	2022-07	2023-08-24	Europe / Germany
EPI_ISL_18131374	2022-07	2023-08-24	Europe / Germany
EPI_ISL_18131375	2022-07	2023-08-24	Europe / Germany
EPI_ISL_18131376	2022-07	2023-08-24	Europe / Germany
EPI_ISL_18131377	2022-07	2023-08-24	Europe / Germany
EPI_ISL_18131378	2022-07	2023-08-24	Europe / Germany
EPI_ISL_18131379	2022-07	2023-08-24	Europe / Germany
EPI_ISL_18131380	2022-07	2023-08-24	Europe / Germany
EPI_ISL_18131381	2022-07	2023-08-24	Europe / Germany
EPI_ISL_18131382	2022-07	2023-08-24	Europe / Germany
EPI_ISL_18131383	2022-07	2023-08-24	Europe / Germany
EPI_ISL_18131384	2022-07	2023-08-24	Europe / Germany
EPI_ISL_18131385	2022-07	2023-08-24	Europe / Germany
EPI_ISL_18131386	2022-07	2023-08-24	Europe / Germany
EPI_ISL_18131387	2022-07	2023-08-24	Europe / Germany
EPI_ISL_18131388	2022-07	2023-08-24	Europe / Germany
EPI_ISL_18131389	2022-06	2023-08-24	Europe / Germany
EPI_ISL_18131391	2022-06	2023-08-24	Europe / Germany
EPI_ISL_18131392	2023-07	2023-08-24	Europe / Germany
EPI_ISL_18131393	2023-08	2023-08-24	Europe / Germany
EPI_ISL_18131395	2022-06	2023-08-24	Europe / Germany
EPI_ISL_18131396	2022-06	2023-08-24	Europe / Germany
EPI_ISL_18131397	2022-06	2023-08-24	Europe / Germany
EPI_ISL_18131398	2022-06	2023-08-24	Europe / Germany
EPI_ISL_18131400	2022-06	2023-08-24	Europe / Germany
EPI_ISL_18131401	2022-06	2023-08-24	Europe / Germany
EPI_ISL_18131402	2022-06	2023-08-24	Europe / Germany
EPI_ISL_18131403	2022-06	2023-08-24	Europe / Germany
EPI_ISL_18131404	2022-06	2023-08-24	Europe / Germany
EPI_ISL_18131405	2022-06	2023-08-24	Europe / Germany
EPI_ISL_18131406	2022-06	2023-08-24	Europe / Germany
EPI_ISL_18131407	2022-06	2023-08-24	Europe / Germany
EPI_ISL_18131408	2022-06	2023-08-24	Europe / Germany
EPI_ISL_18131409	2022-06	2023-08-24	Europe / Germany
EPI_ISL_18131410	2022-06	2023-08-24	Europe / Germany
EPI_ISL_18131411	2022-06	2023-08-24	Europe / Germany
EPI_ISL_18131412	2022-06	2023-08-24	Europe / Germany
EPI_ISL_18131413	2022-06	2023-08-24	Europe / Germany
EPI_ISL_18131414	2022-06	2023-08-24	Europe / Germany
EPI_ISL_18131415	2022-06	2023-08-24	Europe / Germany
EPI_ISL_18131416	2022-06	2023-08-24	Europe / Germany
EPI_ISL_18131417	2022-06	2023-08-24	Europe / Germany
EPI_ISL_18131418	2022-06	2023-08-24	Europe / Germany
EPI_ISL_18131419	2022-06	2023-08-24	Europe / Germany
EPI_ISL_18131420	2022-06	2023-08-24	Europe / Germany
EPI_ISL_18131421	2022-06	2023-08-24	Europe / Germany
EPI_ISL_18131422	2022-06	2023-08-24	Europe / Germany
EPI_ISL_18131423	2022-06	2023-08-24	Europe / Germany
EPI_ISL_18131424	2022-06	2023-08-24	Europe / Germany
EPI_ISL_18131426	2022-06	2023-08-24	Europe / Germany
EPI_ISL_18131427	2022-06	2023-08-24	Europe / Germany
EPI_ISL_18131428	2022-06	2023-08-24	Europe / Germany
EPI_ISL_18131429	2022-06	2023-08-24	Europe / Germany
EPI_ISL_18131430	2022-06	2023-08-24	Europe / Germany
EPI_ISL_18131431	2022-06	2023-08-24	Europe / Germany
EPI_ISL_18131432	2022-06	2023-08-24	Europe / Germany
EPI_ISL_18131433	2022-06	2023-08-24	Europe / Germany
EPI_ISL_18131434	2022-06	2023-08-24	Europe / Germany
EPI_ISL_18131435	2022-06	2023-08-24	Europe / Germany
EPI_ISL_18131436	2022-06	2023-08-24	Europe / Germany
EPI_ISL_18131437	2022-06	2023-08-24	Europe / Germany
EPI_ISL_18131438	2022-06	2023-08-24	Europe / Germany
EPI_ISL_18131439	2022-06	2023-08-24	Europe / Germany
EPI_ISL_18131440	2022-06	2023-08-24	Europe / Germany
EPI_ISL_18131441	2022-06	2023-08-24	Europe / Germany
EPI_ISL_18131442	2022-06	2023-08-24	Europe / Germany
EPI_ISL_18131443	2022-06	2023-08-24	Europe / Germany
EPI_ISL_18131444	2022-06	2023-08-24	Europe / Germany
EPI_ISL_18131445	2022-06	2023-08-24	Europe / Germany
EPI_ISL_18131446	2022-06	2023-08-24	Europe / Germany
EPI_ISL_18131447	2022-06	2023-08-24	Europe / Germany
EPI_ISL_18131448	2022-06	2023-08-24	Europe / Germany
EPI_ISL_18131449	2022-06	2023-08-24	Europe / Germany
EPI_ISL_18131450	2022-06	2023-08-24	Europe / Germany
EPI_ISL_18131451	2022-06	2023-08-24	Europe / Germany
EPI_ISL_18131452	2022-06	2023-08-24	Europe / Germany
EPI_ISL_18131453	2022-06	2023-08-24	Europe / Germany
EPI_ISL_18131454	2022-06	2023-08-24	Europe / Germany
EPI_ISL_18131455	2022-06	2023-08-24	Europe / Germany
EPI_ISL_18131456	2022-06	2023-08-24	Europe / Germany
EPI_ISL_18131457	2022-06	2023-08-24	Europe / Germany
EPI_ISL_18131458	2022-06	2023-08-24	Europe / Germany
EPI_ISL_18131459	2022-06	2023-08-24	Europe / Germany
EPI_ISL_18131460	2022-06	2023-08-24	Europe / Germany
EPI_ISL_18131461	2022-06	2023-08-24	Europe / Germany
EPI_ISL_18131462	2022-06	2023-08-24	Europe / Germany
EPI_ISL_18131463	2022-06	2023-08-24	Europe / Germany
EPI_ISL_18131464	2022-06	2023-08-24	Europe / Germany
EPI_ISL_18131465	2022-06	2023-08-24	Europe / Germany
EPI_ISL_18131466	2022-06	2023-08-24	Europe / Germany
EPI_ISL_18131467	2022-06	2023-08-24	Europe / Germany
EPI_ISL_18131468	2022-06	2023-08-24	Europe / Germany
EPI_ISL_18131469	2022-06	2023-08-24	Europe / Germany
EPI_ISL_18131470	2022-06	2023-08-24	Europe / Germany
EPI_ISL_18131471	2022-06	2023-08-24	Europe / Germany
EPI_ISL_18131472	2022-06	2023-08-24	Europe / Germany
EPI_ISL_18131473	2022-06	2023-08-24	Europe / Germany
EPI_ISL_18131474	2022-06	2023-08-24	Europe / Germany
EPI_ISL_18131475	2022-06	2023-08-24	Europe / Germany
EPI_ISL_18131476	2022-06	2023-08-24	Europe / Germany
EPI_ISL_18131477	2022-06	2023-08-24	Europe / Germany
EPI_ISL_18131478	2022-06	2023-08-24	Europe / Germany
EPI_ISL_18131479	2022-06	2023-08-24	Europe / Germany
EPI_ISL_18131480	2022-06	2023-08-24	Europe / Germany
EPI_ISL_18131481	2022-06	2023-08-24	Europe / Germany
EPI_ISL_18131482	2022-06	2023-08-24	Europe / Germany
EPI_ISL_18131483	2022-06	2023-08-24	Europe / Germany
EPI_ISL_18131484	2022-06	2023-08-24	Europe / Germany
EPI_ISL_18131485	2022-06	2023-08-24	Europe / Germany
EPI_ISL_18131486	2022-06	2023-08-24	Europe / Germany
EPI_ISL_18131487	2022-06	2023-08-24	Europe / Germany
EPI_ISL_18131488	2022-07	2023-08-24	Europe / Germany
EPI_ISL_18131489	2022-07	2023-08-24	Europe / Germany
EPI_ISL_18131490	2022-07	2023-08-24	Europe / Germany
EPI_ISL_18131491	2022-07	2023-08-24	Europe / Germany
EPI_ISL_18131492	2022-12-19	2023-08-24	North America / USA
EPI_ISL_18131493	2022-12-19	2023-08-24	North America / USA
EPI_ISL_18137801	2023-06-22	2023-08-25	North America / USA / Illinois / Cook County / Chicago
EPI_ISL_18137802	2023-06-22	2023-08-25	North America / USA / Illinois / Cook County / Chicago
EPI_ISL_18137803	2023-06-27	2023-08-25	North America / USA / Illinois / Cook County / Chicago
EPI_ISL_18137804	2023-06-27	2023-08-25	North America / USA / Illinois / Cook County / Chicago
EPI_ISL_18137805	2023-07-02	2023-08-25	North America / USA / Illinois / Cook County / Chicago
EPI_ISL_18137806	2023-07-06	2023-08-25	North America / USA / Illinois / Cook County / Chicago
EPI_ISL_18137807	2023-07-03	2023-08-25	North America / USA / Illinois / Cook County / Chicago
EPI_ISL_18137808	2023-07-21	2023-08-25	North America / USA / Illinois / Cook County / Chicago
EPI_ISL_18137809	2023-07-10	2023-08-25	North America / USA / Illinois / Cook County / Chicago
EPI_ISL_18137810	2023-07-12	2023-08-25	North America / USA / Illinois / Cook County / Chicago
EPI_ISL_18137811	2023-07-11	2023-08-25	North America / USA / Illinois / Cook County / Chicago
EPI_ISL_18137812	2023-07-12	2023-08-25	North America / USA / Illinois / Cook County / Chicago
EPI_ISL_18137813	2023-07-17	2023-08-25	North America / USA / Illinois / Cook County / Chicago
EPI_ISL_18137814	2023-04-20	2023-08-25	North America / USA / Illinois / Cook County / Chicago
EPI_ISL_18137815	2023-04-27	2023-08-25	North America / USA / Illinois / Cook County / Chicago
EPI_ISL_18137816	2023-05-04	2023-08-25	North America / USA / Illinois / Cook County / Chicago
EPI_ISL_18137817	2023-05-07	2023-08-25	North America / USA / Illinois / Cook County / Chicago
EPI_ISL_18137818	2023-05-10	2023-08-25	North America / USA / Illinois / Cook County / Chicago
EPI_ISL_18137819	2023-05-16	2023-08-25	North America / USA / Illinois / Cook County / Chicago
EPI_ISL_18137820	2023-06-08	2023-08-25	North America / USA / Illinois / Cook County / Chicago
EPI_ISL_18137821	2022-08	2023-08-25	South America / Chile / Region Metropolitana de Santiago / La Farfana
EPI_ISL_18137822	2022-08	2023-08-25	South America / Chile / Region Metropolitana de Santiago / La Farfana
EPI_ISL_18137823	2022-08	2023-08-25	South America / Chile / Region Metropolitana de Santiago / La Farfana
EPI_ISL_18137824	2022-07	2023-08-25	South America / Chile / Region Metropolitana de Santiago / La Farfana
EPI_ISL_18137825	2022-07	2023-08-25	South America / Chile / Region Metropolitana de Santiago / La Farfana
EPI_ISL_18137826	2022-08	2023-08-25	South America / Chile / Region Metropolitana de Santiago / El Trebal
EPI_ISL_18137827	2022-08	2023-08-25	South America / Chile / Region Metropolitana de Santiago / El Trebal
EPI_ISL_18137828	2022-08	2023-08-25	South America / Chile / Region Metropolitana de Santiago / El Trebal
EPI_ISL_18137829	2022-08	2023-08-25	South America / Chile / Region Metropolitana de Santiago / El Trebal
EPI_ISL_18137830	2023-08	2023-08-25	North America / USA / Washington
EPI_ISL_18147334	2023-04-13	2023-08-29	Asia / South Korea
EPI_ISL_18147335	2022-09-02	2023-08-29	Asia / South Korea
EPI_ISL_18147336	2023-04-22	2023-08-29	Asia / South Korea
EPI_ISL_18147337	2023-04-25	2023-08-29	Asia / South Korea
EPI_ISL_18147338	2023-04-06	2023-08-29	Asia / South Korea
EPI_ISL_18147339	2023-04-23	2023-08-29	Asia / South Korea
EPI_ISL_18147340	2023-04-14	2023-08-29	Asia / South Korea
EPI_ISL_18147341	2023-04-19	2023-08-29	Asia / South Korea
EPI_ISL_18147342	2023-04-15	2023-08-29	Asia / South Korea
EPI_ISL_18147343	2023-04-21	2023-08-29	Asia / South Korea
EPI_ISL_18147344	2023-04-19	2023-08-29	Asia / South Korea
EPI_ISL_18147345	2023-04-10	2023-08-29	Asia / South Korea
EPI_ISL_18147346	2023-04-25	2023-08-29	Asia / South Korea
EPI_ISL_18147347	2023-04-22	2023-08-29	Asia / South Korea
EPI_ISL_18147348	2023-04-18	2023-08-29	Asia / South Korea
EPI_ISL_18147349	2023-04-22	2023-08-29	Asia / South Korea
EPI_ISL_18147350	2023-04-25	2023-08-29	Asia / South Korea
EPI_ISL_18147351	2023-04-21	2023-08-29	Asia / South Korea
EPI_ISL_18147352	2023-04-15	2023-08-29	Asia / South Korea
EPI_ISL_18147353	2023-04-21	2023-08-29	Asia / South Korea
EPI_ISL_18147354	2022-11-22	2023-08-29	Asia / South Korea
EPI_ISL_18147355	2023-03-13	2023-08-29	Asia / South Korea
EPI_ISL_18147356	2023-04-18	2023-08-29	Asia / South Korea
EPI_ISL_18147357	2022-11-15	2023-08-29	Asia / South Korea
EPI_ISL_18147358	2023-04-18	2023-08-29	Asia / South Korea
EPI_ISL_18147359	2023-04-12	2023-08-29	Asia / South Korea
EPI_ISL_18147360	2023-04-11	2023-08-29	Asia / South Korea
EPI_ISL_18147361	2023-04-17	2023-08-29	Asia / South Korea
EPI_ISL_18147362	2023-04-23	2023-08-29	Asia / South Korea
EPI_ISL_18147363	2023-04-18	2023-08-29	Asia / South Korea
EPI_ISL_18147364	2022-07	2023-08-29	Europe / Germany
EPI_ISL_18147365	2022-07	2023-08-29	Europe / Germany
EPI_ISL_18147366	2022-07	2023-08-29	Europe / Germany
EPI_ISL_18147367	2022-07	2023-08-29	Europe / Germany
EPI_ISL_18147368	2022-07	2023-08-29	Europe / Germany
EPI_ISL_18147369	2022-07	2023-08-29	Europe / Germany
EPI_ISL_18147370	2022-06	2023-08-29	Europe / Germany
EPI_ISL_18147371	2022-07	2023-08-29	Europe / Germany
EPI_ISL_18147372	2022-07	2023-08-29	Europe / Germany
EPI_ISL_18147373	2022-07	2023-08-29	Europe / Germany
EPI_ISL_18147374	2022-07	2023-08-29	Europe / Germany
EPI_ISL_18147375	2022-07	2023-08-29	Europe / Germany
EPI_ISL_18147376	2022-07	2023-08-29	Europe / Germany
EPI_ISL_18147377	2022-07	2023-08-29	Europe / Germany
EPI_ISL_18147378	2022-07	2023-08-29	Europe / Germany
EPI_ISL_18147379	2022-07	2023-08-29	Europe / Germany
EPI_ISL_18147380	2022-07	2023-08-29	Europe / Germany
EPI_ISL_18147381	2022-07	2023-08-29	Europe / Germany
EPI_ISL_18147382	2022-07	2023-08-29	Europe / Germany
EPI_ISL_18147383	2022-07	2023-08-29	Europe / Germany
EPI_ISL_18147384	2022-07	2023-08-29	Europe / Germany
EPI_ISL_18147385	2022-07	2023-08-29	Europe / Germany
EPI_ISL_18147386	2022-07	2023-08-29	Europe / Germany
EPI_ISL_18147387	2022-07	2023-08-29	Europe / Germany
EPI_ISL_18147388	2022-07	2023-08-29	Europe / Germany
EPI_ISL_18147389	2022-06	2023-08-29	Europe / Germany
EPI_ISL_18147390	2022-07	2023-08-29	Europe / Germany
EPI_ISL_18147391	2022-07	2023-08-29	Europe / Germany
EPI_ISL_18147392	2022-07	2023-08-29	Europe / Germany
EPI_ISL_18147393	2022-07	2023-08-29	Europe / Germany
EPI_ISL_18147394	2022-07	2023-08-29	Europe / Germany
EPI_ISL_18147395	2022-07	2023-08-29	Europe / Germany
EPI_ISL_18147396	2022-07	2023-08-29	Europe / Germany
EPI_ISL_18147397	2022-07	2023-08-29	Europe / Germany
EPI_ISL_18147398	2022-07	2023-08-29	Europe / Germany
EPI_ISL_18147399	2022-07	2023-08-29	Europe / Germany
EPI_ISL_18147400	2022-07	2023-08-29	Europe / Germany
EPI_ISL_18147401	2022-07	2023-08-29	Europe / Germany
EPI_ISL_18147402	2022-07	2023-08-29	Europe / Germany
EPI_ISL_18147403	2022-07	2023-08-29	Europe / Germany
EPI_ISL_18147404	2022-07	2023-08-29	Europe / Germany
EPI_ISL_18147405	2022-07	2023-08-29	Europe / Germany
EPI_ISL_18147406	2022-07	2023-08-29	Europe / Germany
EPI_ISL_18147407	2022-07	2023-08-29	Europe / Germany
EPI_ISL_18147408	2022-07	2023-08-29	Europe / Germany
EPI_ISL_18147409	2022-07	2023-08-29	Europe / Germany
EPI_ISL_18147410	2022-07	2023-08-29	Europe / Germany
EPI_ISL_18147411	2022-07	2023-08-29	Europe / Germany
EPI_ISL_18147412	2022-06	2023-08-29	Europe / Germany
EPI_ISL_18147413	2022-07	2023-08-29	Europe / Germany
EPI_ISL_18147414	2022-07	2023-08-29	Europe / Germany
EPI_ISL_18147415	2022-07	2023-08-29	Europe / Germany
EPI_ISL_18147416	2022-06	2023-08-29	Europe / Germany
EPI_ISL_18147417	2022-07	2023-08-29	Europe / Germany
EPI_ISL_18147418	2022-07	2023-08-29	Europe / Germany
EPI_ISL_18147419	2022-07	2023-08-29	Europe / Germany
EPI_ISL_18147420	2022-07	2023-08-29	Europe / Germany
EPI_ISL_18147421	2022-12	2023-08-29	North America / USA / Texas
EPI_ISL_18147422	2022-08	2023-08-29	North America / USA / Massachusetts
EPI_ISL_18147423	2022-08	2023-08-29	North America / USA / New York
EPI_ISL_18147424	2022-11	2023-08-29	North America / USA / Michigan
EPI_ISL_18147425	2022-12	2023-08-29	North America / USA / Texas
EPI_ISL_18147426	2022-08	2023-08-29	North America / USA / District of Columbia
EPI_ISL_18147427	2022-08	2023-08-29	North America / USA / California
EPI_ISL_18147428	2022-08	2023-08-29	North America / USA / New York
EPI_ISL_18147429	2022-08	2023-08-29	North America / USA / New York
EPI_ISL_18147430	2022-08	2023-08-29	North America / USA / New York
EPI_ISL_18147431	2022-08	2023-08-29	North America / USA / New York
EPI_ISL_18147432	2022-11	2023-08-29	North America / USA / North Carolina
EPI_ISL_18147433	2022-12	2023-08-29	North America / USA / Texas
EPI_ISL_18147434	2022-12	2023-08-29	North America / USA / Tennessee
EPI_ISL_18147435	2022-08	2023-08-29	North America / USA / California
EPI_ISL_18147436	2022-08	2023-08-29	North America / USA / New York
EPI_ISL_18147437	2022-08	2023-08-29	North America / USA / New York
EPI_ISL_18147438	2022-10	2023-08-29	North America / USA / Michigan
EPI_ISL_18147439	2022-12	2023-08-29	North America / USA / North Carolina
EPI_ISL_18147440	2022-08	2023-08-29	North America / USA / New York
EPI_ISL_18147441	2022-08	2023-08-29	North America / USA / New York
EPI_ISL_18147442	2022-11	2023-08-29	North America / USA / Kansas
EPI_ISL_18147443	2022-08	2023-08-29	North America / USA / New York
EPI_ISL_18147444	2022-11	2023-08-29	North America / USA / Ohio
EPI_ISL_18147445	2022-12	2023-08-29	North America / USA / Texas
EPI_ISL_18147446	2022-08	2023-08-29	North America / USA / New York
EPI_ISL_18147447	2022-08	2023-08-29	North America / USA / Pennsylvania
EPI_ISL_18147448	2022-12	2023-08-29	North America / USA / Washington
EPI_ISL_18147449	2022-12	2023-08-29	North America / USA / Texas
EPI_ISL_18161268	2023-04-10	2023-08-30	North America / USA / California / Los Angeles County
EPI_ISL_18161269	2023-03-30	2023-08-30	North America / USA / California / Los Angeles County
EPI_ISL_18161270	2023-04-24	2023-08-30	North America / USA / California / Los Angeles County
EPI_ISL_18161271	2023-04-30	2023-08-30	North America / USA / California / Los Angeles County
EPI_ISL_18161272	2023-04-26	2023-08-30	North America / USA / California / Los Angeles County
EPI_ISL_18161273	2023-04-26	2023-08-30	North America / USA / California / Los Angeles County
EPI_ISL_18161274	2023-04-28	2023-08-30	North America / USA / California / Los Angeles County
EPI_ISL_18161275	2023-04-24	2023-08-30	North America / USA / California / Los Angeles County
EPI_ISL_18161276	2023-04-30	2023-08-30	North America / USA / California / Los Angeles County
EPI_ISL_18161277	2023-05-01	2023-08-30	North America / USA / California / Los Angeles County
EPI_ISL_18161278	2023-05-02	2023-08-30	North America / USA / California / Los Angeles County
EPI_ISL_18161279	2023-05-02	2023-08-30	North America / USA / California / Los Angeles County
EPI_ISL_18161280	2023-03-15	2023-08-30	North America / USA / California / Los Angeles County
EPI_ISL_18161281	2023-04-12	2023-08-30	North America / USA / California / Los Angeles County
EPI_ISL_18161282	2023-04-12	2023-08-30	North America / USA / California / Los Angeles County
EPI_ISL_18161283	2023-04-12	2023-08-30	North America / USA / California / Los Angeles County
EPI_ISL_18161284	2023-04-10	2023-08-30	North America / USA / California / Los Angeles County
EPI_ISL_18161285	2023-04-10	2023-08-30	North America / USA / California / Los Angeles County
EPI_ISL_18161286	2023-03-31	2023-08-30	North America / USA / California / Los Angeles County
EPI_ISL_18161287	2023-05-04	2023-08-30	North America / USA / California / Los Angeles County
EPI_ISL_18161288	2023-05-04	2023-08-30	North America / USA / California / Los Angeles County
EPI_ISL_18161289	2023-05-04	2023-08-30	North America / USA / California / Los Angeles County
EPI_ISL_18161290	2023-05-04	2023-08-30	North America / USA / California / Los Angeles County
EPI_ISL_18161291	2023-05-04	2023-08-30	North America / USA / California / Los Angeles County
EPI_ISL_18161292	2023-04-25	2023-08-30	North America / USA / California / Los Angeles County
EPI_ISL_18161293	2023-06-15	2023-08-30	North America / USA / California / Los Angeles County
EPI_ISL_18161294	2023-06-20	2023-08-30	North America / USA / California / Los Angeles County
EPI_ISL_18161295	2023-06-21	2023-08-30	North America / USA / California / Los Angeles County
EPI_ISL_18161296	2023-06-21	2023-08-30	North America / USA / California / Los Angeles County
EPI_ISL_18161297	2023-05-23	2023-08-30	North America / USA / California / Los Angeles County
EPI_ISL_18161298	2023-05-09	2023-08-30	North America / USA / California / Los Angeles County
EPI_ISL_18161299	2023-05-08	2023-08-30	North America / USA / California / Los Angeles County
EPI_ISL_18161300	2023-05-09	2023-08-30	North America / USA / California / Los Angeles County
EPI_ISL_18161301	2023-06-16	2023-08-30	North America / USA / California / Los Angeles County
EPI_ISL_18161302	2023-06-14	2023-08-30	North America / USA / California / Los Angeles County
EPI_ISL_18161303	2023-06-09	2023-08-30	North America / USA / California / Los Angeles County
EPI_ISL_18161304	2023-06-07	2023-08-30	North America / USA / California / Los Angeles County
EPI_ISL_18161305	2023-06-09	2023-08-30	North America / USA / California / Los Angeles County
EPI_ISL_18161306	2023-07-03	2023-08-30	North America / USA / California / Los Angeles County
EPI_ISL_18161307	2023-06-30	2023-08-30	North America / USA / California / Los Angeles County
EPI_ISL_18161308	2023-06-24	2023-08-30	North America / USA / California / Los Angeles County
EPI_ISL_18161309	2023-06-26	2023-08-30	North America / USA / California / Los Angeles County
EPI_ISL_18161310	2023-06-28	2023-08-30	North America / USA / California / Los Angeles County
EPI_ISL_18161311	2023-06-28	2023-08-30	North America / USA / California / Los Angeles County
EPI_ISL_18161312	2023-06-28	2023-08-30	North America / USA / California / Los Angeles County
EPI_ISL_18161313	2023-07-06	2023-08-30	North America / USA / California / Los Angeles County
EPI_ISL_18161314	2023-07-21	2023-08-30	North America / USA / California / Los Angeles County
EPI_ISL_18161315	2023-07-23	2023-08-30	North America / USA / California / Los Angeles County
EPI_ISL_18161316	2023-07-01	2023-08-30	North America / USA / California / Los Angeles County
EPI_ISL_18161317	2023-06-28	2023-08-30	North America / USA / California / Los Angeles County
EPI_ISL_18161318	2023-06-22	2023-08-30	North America / USA / California / Los Angeles County
EPI_ISL_18161319	2023-06-24	2023-08-30	North America / USA / California / Los Angeles County
EPI_ISL_18161320	2023-06-28	2023-08-30	North America / USA / California / Los Angeles County
EPI_ISL_18161321	2023-06-10	2023-08-30	North America / USA / California / Los Angeles County
EPI_ISL_18161322	2023-06-12	2023-08-30	North America / USA / California / Los Angeles County
EPI_ISL_18161323	2023-06-12	2023-08-30	North America / USA / California / Los Angeles County
EPI_ISL_18161324	2023-06-12	2023-08-30	North America / USA / California / Los Angeles County
EPI_ISL_18161325	2023-07-26	2023-08-30	North America / USA / California / Los Angeles County
EPI_ISL_18161326	2023-03-24	2023-08-30	North America / USA / California / Los Angeles County
EPI_ISL_18168621	2023-07-21	2023-08-31	North America / USA / Illinois / Cook County / Chicago
EPI_ISL_18168622	2023-07-23	2023-08-31	North America / USA / Illinois / Cook County / Chicago
EPI_ISL_18168623	2023-07-26	2023-08-31	North America / USA / Illinois / Cook County / Chicago
EPI_ISL_18168624	2023-07-23	2023-08-31	North America / USA / Illinois / Cook County / Chicago
EPI_ISL_18213374	2023-06-24	2023-09-03	Asia / China / Shenzhen
EPI_ISL_18213375	2023-06-19	2023-09-03	Asia / China / Shenzhen
EPI_ISL_18228619	2023-08-01	2023-09-06	Europe / Portugal
EPI_ISL_18228620	2023-07-21	2023-09-06	Europe / Portugal
EPI_ISL_18228621	2023-07-26	2023-09-06	Europe / Portugal
EPI_ISL_18228622	2023-08-01	2023-09-06	Europe / Portugal
EPI_ISL_18228623	2023-08-07	2023-09-06	Europe / Portugal
EPI_ISL_18228624	2023-08-03	2023-09-06	Europe / Portugal
EPI_ISL_18228625	2022-05-31	2023-09-06	Europe / Portugal
EPI_ISL_18228626	2023-08-01	2023-09-06	Europe / Portugal
EPI_ISL_18228627	2023-08-01	2023-09-06	Europe / Portugal
EPI_ISL_18228628	2023-08-08	2023-09-06	Europe / Portugal
EPI_ISL_18228629	2023-08-01	2023-09-06	Europe / Portugal
EPI_ISL_18228630	2023-08-01	2023-09-06	Europe / Portugal
EPI_ISL_18228631	2023-07-21	2023-09-06	Europe / Portugal
EPI_ISL_18228632	2022-05-31	2023-09-06	Europe / Portugal
EPI_ISL_18228633	2023-07-19	2023-09-06	Europe / Portugal
EPI_ISL_18228634	2023-08-02	2023-09-06	Europe / Portugal
EPI_ISL_18228635	2023-08-02	2023-09-06	Europe / Portugal
EPI_ISL_18228636	2023-08-08	2023-09-06	Europe / Portugal
EPI_ISL_18228637	2023-07-21	2023-09-06	Europe / Portugal
EPI_ISL_18228638	2023-08-08	2023-09-06	Europe / Portugal
EPI_ISL_18228639	2023-07-28	2023-09-06	Europe / Portugal
EPI_ISL_18228640	2023-07-26	2023-09-06	Europe / Portugal
EPI_ISL_18228641	2023-08-03	2023-09-06	Europe / Portugal
EPI_ISL_18228642	2023-07-21	2023-09-06	Europe / Portugal
EPI_ISL_18228643	2023-08-03	2023-09-06	Europe / Portugal
EPI_ISL_18228644	2023-08-07	2023-09-06	Europe / Portugal
EPI_ISL_18228645	2023-07-21	2023-09-06	Europe / Portugal
EPI_ISL_18238278	2022-08	2023-09-08	Europe / Germany
EPI_ISL_18238279	2022-08	2023-09-08	Europe / Germany
EPI_ISL_18238280	2022-08	2023-09-08	Europe / Germany
EPI_ISL_18238281	2022-09	2023-09-08	Europe / Germany
EPI_ISL_18238282	2022-08	2023-09-08	Europe / Germany
EPI_ISL_18238283	2022-08	2023-09-08	Europe / Germany
EPI_ISL_18238284	2022-08	2023-09-08	Europe / Germany
EPI_ISL_18238285	2022-08	2023-09-08	Europe / Germany
EPI_ISL_18238286	2022-08	2023-09-08	Europe / Germany
EPI_ISL_18238287	2022-08	2023-09-08	Europe / Germany
EPI_ISL_18238291	2022-08	2023-09-08	Europe / Germany
EPI_ISL_18238292	2022-08	2023-09-08	Europe / Germany
EPI_ISL_18238293	2022-08	2023-09-08	Europe / Germany
EPI_ISL_18238294	2022-08	2023-09-08	Europe / Germany
EPI_ISL_18238295	2022-08	2023-09-08	Europe / Germany
EPI_ISL_18238296	2022-08	2023-09-08	Europe / Germany
EPI_ISL_18238297	2022-08	2023-09-08	Europe / Germany
EPI_ISL_18238298	2022-08	2023-09-08	Europe / Germany
EPI_ISL_18238299	2022-08	2023-09-08	Europe / Germany
EPI_ISL_18238300	2022-08	2023-09-08	Europe / Germany
EPI_ISL_18238301	2022-08	2023-09-08	Europe / Germany
EPI_ISL_18238302	2022	2023-09-08	North America / USA / Alabama
EPI_ISL_18238303	2022	2023-09-08	North America / USA / Alabama
EPI_ISL_18238304	2022	2023-09-08	North America / USA / Alabama
EPI_ISL_18238305	2022	2023-09-08	North America / USA / Alabama
EPI_ISL_18238306	2022	2023-09-08	North America / USA / Alabama
EPI_ISL_18238307	2022	2023-09-08	North America / USA / Alabama
EPI_ISL_18238308	2022	2023-09-08	North America / USA / Alabama
EPI_ISL_18238309	2022	2023-09-08	North America / USA / Alabama
EPI_ISL_18238310	2022	2023-09-08	North America / USA / Alabama
EPI_ISL_18238311	2022	2023-09-08	North America / USA / Alabama
EPI_ISL_18238312	2022	2023-09-08	North America / USA / Alabama
EPI_ISL_18238313	2022	2023-09-08	North America / USA / Alabama
EPI_ISL_18238314	2022	2023-09-08	North America / USA / Alabama
EPI_ISL_18238315	2022	2023-09-08	North America / USA / Alabama
EPI_ISL_18238316	2022	2023-09-08	North America / USA / Alabama
EPI_ISL_18238317	2022	2023-09-08	North America / USA / Alabama
EPI_ISL_18238318	2022	2023-09-08	North America / USA / Alabama
EPI_ISL_18238319	2022	2023-09-08	North America / USA / Alabama
EPI_ISL_18238320	2022	2023-09-08	North America / USA / Alabama
EPI_ISL_18238321	2022	2023-09-08	North America / USA / Alabama
EPI_ISL_18238322	2022	2023-09-08	North America / USA / Alabama
EPI_ISL_18238323	2022	2023-09-08	North America / USA / Alabama
EPI_ISL_18238324	2022	2023-09-08	North America / USA / Alabama
EPI_ISL_18238325	2022	2023-09-08	North America / USA / Alabama
EPI_ISL_18238326	2022	2023-09-08	North America / USA / Alabama
EPI_ISL_18238327	2022	2023-09-08	North America / USA / Alabama
EPI_ISL_18241786	2022-08-08	2023-09-10	South America / Brazil / Rio de Janeiro
EPI_ISL_18241787	2022-08-05	2023-09-10	South America / Brazil / Rio de Janeiro
EPI_ISL_18241788	2022-08-01	2023-09-10	South America / Brazil / Rio de Janeiro
EPI_ISL_18241789	2022-07-25	2023-09-10	South America / Brazil / Rio de Janeiro
EPI_ISL_18241790	2022-07-14	2023-09-10	South America / Brazil / Rio de Janeiro
EPI_ISL_18241791	2022-07-07	2023-09-10	South America / Brazil / Rio de Janeiro
EPI_ISL_18241792	2022-07-02	2023-09-10	South America / Brazil / Rio de Janeiro
EPI_ISL_18245407	2022-07-13	2023-09-11	Asia / India / Kerala
EPI_ISL_18245408	2022-07-13	2023-09-11	Asia / India / Kerala
EPI_ISL_18245409	2022-07-13	2023-09-11	Asia / India / Kerala
EPI_ISL_18245410	2022-07-13	2023-09-11	Asia / India / Kerala
EPI_ISL_18245411	2022-07-13	2023-09-11	Asia / India / Kerala
EPI_ISL_18245412	2022-07-13	2023-09-11	Asia / India / Kerala
EPI_ISL_18245413	2022-07-13	2023-09-11	Asia / India / Kerala
EPI_ISL_18257122	2023-09-05	2023-09-14	Asia / China / Beijing / Haidian
EPI_ISL_18285958	2023-07-28	2023-09-20	North America / USA / California / Los Angeles County
EPI_ISL_18285959	2023-08-24	2023-09-20	North America / USA / California / Los Angeles County
EPI_ISL_18285960	2023-08-07	2023-09-20	North America / USA / California / Los Angeles County
EPI_ISL_18285961	2023-08-08	2023-09-20	North America / USA / California / Los Angeles County
EPI_ISL_18285962	2023-08-09	2023-09-20	North America / USA / California / Los Angeles County
EPI_ISL_18285963	2023-08-07	2023-09-20	North America / USA / California / Los Angeles County
EPI_ISL_18285964	2023-08-16	2023-09-20	North America / USA / California / Los Angeles County
EPI_ISL_18285965	2023-06-27	2023-09-20	North America / USA / California / Los Angeles County
EPI_ISL_18285966	2023-07-27	2023-09-20	North America / USA / California / Los Angeles County
EPI_ISL_18285967	2023-07-28	2023-09-20	North America / USA / California / Los Angeles County
EPI_ISL_18285968	2023-07-30	2023-09-20	North America / USA / California / Los Angeles County
EPI_ISL_18285969	2023-08-14	2023-09-20	North America / USA / California / Los Angeles County
EPI_ISL_18285970	2023-08-02	2023-09-20	North America / USA / California / Los Angeles County
EPI_ISL_18285971	2023-07-31	2023-09-20	North America / USA / California / Los Angeles County
EPI_ISL_18285972	2023-06-29	2023-09-20	North America / USA / California / Los Angeles County
EPI_ISL_18285973	2023-07-05	2023-09-20	North America / USA / Illinois / Cook County / Chicago
EPI_ISL_18285974	2023-05-08	2023-09-20	North America / USA / Illinois / Cook County / Chicago
EPI_ISL_18285975	2023-05-12	2023-09-20	North America / USA / Illinois / Cook County / Chicago
EPI_ISL_18285976	2023-05-13	2023-09-20	North America / USA / Illinois / Cook County / Chicago
EPI_ISL_18285977	2023-05-15	2023-09-20	North America / USA / Illinois / Cook County / Chicago
EPI_ISL_18285978	2023-05-16	2023-09-20	North America / USA / Illinois / Cook County / Chicago
EPI_ISL_18285979	2023-05-16	2023-09-20	North America / USA / Illinois / Cook County / Chicago
EPI_ISL_18285980	2023-06-01	2023-09-20	North America / USA / Illinois / Cook County / Chicago
EPI_ISL_18285981	2023-06-07	2023-09-20	North America / USA / Illinois / Cook County / Chicago
EPI_ISL_18285982	2023-06-15	2023-09-20	North America / USA / Illinois / Cook County / Chicago
EPI_ISL_18285983	2023-06-14	2023-09-20	North America / USA / Illinois / Cook County / Chicago
EPI_ISL_18285984	2023-06-12	2023-09-20	North America / USA / Illinois / Cook County / Chicago
EPI_ISL_18285985	2023-08-03	2023-09-20	North America / USA / Illinois / Cook County / Chicago
EPI_ISL_18285986	2023-08-10	2023-09-20	North America / USA / Illinois / Cook County / Chicago
EPI_ISL_18285987	2023-08-15	2023-09-20	North America / USA / Illinois / Cook County / Chicago
EPI_ISL_18299473	2023-08	2023-09-23	Europe / Germany
EPI_ISL_18299474	2023-08	2023-09-23	Europe / Germany
EPI_ISL_18299475	2022-08	2023-09-23	Europe / Slovenia
EPI_ISL_18299476	2022-07	2023-09-23	Europe / Slovenia
EPI_ISL_18308395	2022-12-02	2023-09-26	Europe / Ireland
EPI_ISL_18308396	2023-08-16	2023-09-26	Europe / Ireland
EPI_ISL_18308397	2023-08-18	2023-09-26	Europe / Ireland
EPI_ISL_18308398	2023-08-31	2023-09-26	Europe / Ireland
EPI_ISL_18308399	2023-08-28	2023-09-26	Europe / Ireland
EPI_ISL_18323779	2022-06-17	2023-09-28	North America / USA / California
EPI_ISL_18323780	2022-06-21	2023-09-28	North America / USA / California
EPI_ISL_18323781	2022-06-22	2023-09-28	North America / USA / California
EPI_ISL_18323782	2022-06-22	2023-09-28	North America / USA / California
EPI_ISL_18323783	2022-06-22	2023-09-28	North America / USA / California
EPI_ISL_18323784	2022-08-05	2023-09-28	North America / USA / California
EPI_ISL_18323785	2023-07-21	2023-09-28	North America / USA / California
EPI_ISL_18323786	2023-07-21	2023-09-28	North America / USA / California
EPI_ISL_18323787	2023-08-04	2023-09-28	North America / USA / California
EPI_ISL_18323788	2023-08-01	2023-09-28	North America / USA / California
EPI_ISL_18323789	2023-08-01	2023-09-28	North America / USA / California
EPI_ISL_18323790	2023-07-31	2023-09-28	North America / USA / California
EPI_ISL_18323791	2023-08-17	2023-09-28	North America / USA / California
EPI_ISL_18323792	2023-08-17	2023-09-28	North America / USA / California
EPI_ISL_18323793	2023-08-21	2023-09-28	North America / USA / California
EPI_ISL_18323794	2023-08-21	2023-09-28	North America / USA / California
EPI_ISL_18324980	2023-02-22	2023-09-29	North America / USA / California
EPI_ISL_18324981	2023-02-22	2023-09-29	North America / USA / California
EPI_ISL_18324982	2022-06-04	2023-09-29	North America / USA / California
EPI_ISL_18324983	2022-06-07	2023-09-29	North America / USA / California
EPI_ISL_18324984	2022-06-13	2023-09-29	North America / USA / California
EPI_ISL_18324985	2022-06-14	2023-09-29	North America / USA / California
EPI_ISL_18324986	2022-06-16	2023-09-29	North America / USA / California
EPI_ISL_18324987	2022-06-17	2023-09-29	North America / USA / California
EPI_ISL_18324988	2022-06-20	2023-09-29	North America / USA / California
EPI_ISL_18324989	2022-06-17	2023-09-29	North America / USA / California
EPI_ISL_18324990	2022-06-21	2023-09-29	North America / USA / California
EPI_ISL_18324991	2022-06-21	2023-09-29	North America / USA / California
EPI_ISL_18324992	2022-06-21	2023-09-29	North America / USA / California
EPI_ISL_18324993	2022-06-21	2023-09-29	North America / USA / California
EPI_ISL_18324994	2023-06-13	2023-09-29	North America / USA / California
EPI_ISL_18324995	2023-06-13	2023-09-29	North America / USA / California
EPI_ISL_18324996	2022-08-11	2023-09-29	North America / USA / California
EPI_ISL_18324997	2022-08-11	2023-09-29	North America / USA / California
EPI_ISL_18324998	2022-08-11	2023-09-29	North America / USA / California
EPI_ISL_18324999	2022-08-17	2023-09-29	North America / USA / California
EPI_ISL_18325000	2023-07-06	2023-09-29	North America / USA / California
EPI_ISL_18325001	2023-05-22	2023-09-29	North America / USA / California
EPI_ISL_18325002	2023-04-13	2023-09-29	North America / USA / California
EPI_ISL_18325003	2023-01-30	2023-09-29	North America / USA / California
EPI_ISL_18325004	2023-01-26	2023-09-29	North America / USA / California
EPI_ISL_18325005	2023-06-02	2023-09-29	North America / USA / California
EPI_ISL_18325006	2023-07-05	2023-09-29	North America / USA / California
EPI_ISL_18325007	2023-07-06	2023-09-29	North America / USA / California
EPI_ISL_18325008	2023-07-06	2023-09-29	North America / USA / California
EPI_ISL_18325009	2023-07-05	2023-09-29	North America / USA / California
EPI_ISL_18325010	2023-07-05	2023-09-29	North America / USA / California
EPI_ISL_18325011	2023-07-02	2023-09-29	North America / USA / California
EPI_ISL_18352302	2023-06-06	2023-10-06	Asia / Japan / Tokyo
EPI_ISL_18352303	2023-09-11	2023-10-06	Asia / Japan / Tokyo
EPI_ISL_18352304	2023-09-14	2023-10-06	Asia / Japan / Tokyo
EPI_ISL_18352305	2023-09-16	2023-10-06	Asia / Japan / Tokyo
EPI_ISL_18352306	2023-09-19	2023-10-06	Asia / Japan / Tokyo
EPI_ISL_18354483	2023-06-09	2023-10-06	Asia / China / Shenzhen
EPI_ISL_18360394	2023-09-22	2023-10-07	Asia / China / Beijing
EPI_ISL_18361186	2022-11	2023-10-08	North America / USA / Delaware
EPI_ISL_18386999	2023-08-09	2023-10-13	North America / USA / California
EPI_ISL_18387000	2023-08-24	2023-10-13	North America / USA / California
EPI_ISL_18387001	2023-08-07	2023-10-13	North America / USA / California
EPI_ISL_18387002	2023-08-14	2023-10-13	North America / USA / California
EPI_ISL_18387003	2023-07-28	2023-10-13	North America / USA / California
EPI_ISL_18387004	2023-07-30	2023-10-13	North America / USA / California
EPI_ISL_18387005	2023-07-31	2023-10-13	North America / USA / California
EPI_ISL_18387006	2023-08-16	2023-10-13	North America / USA / California
EPI_ISL_18387007	2023-07-28	2023-10-13	North America / USA / California
EPI_ISL_18387008	2023-08-08	2023-10-13	North America / USA / California
EPI_ISL_18387009	2023-08-02	2023-10-13	North America / USA / California
EPI_ISL_18387010	2023-06-27	2023-10-13	North America / USA / California
EPI_ISL_18387011	2023-06-29	2023-10-13	North America / USA / California
EPI_ISL_18387012	2023-07-27	2023-10-13	North America / USA / California
EPI_ISL_18387013	2023-08-07	2023-10-13	North America / USA / California
EPI_ISL_18387014	2022-06	2023-10-13	Africa / Benin
EPI_ISL_18387015	2022-06	2023-10-13	Africa / Benin
EPI_ISL_18387016	2022-06	2023-10-13	Africa / Benin
EPI_ISL_18399134	2022-06-14	2023-10-17	North America / USA / California
EPI_ISL_18399135	2022-06-23	2023-10-17	North America / USA / California
EPI_ISL_18399136	2022-06-23	2023-10-17	North America / USA / California
EPI_ISL_18399137	2022-06-23	2023-10-17	North America / USA / California
EPI_ISL_18399138	2022-06-23	2023-10-17	North America / USA / California
EPI_ISL_18399139	2022-06-24	2023-10-17	North America / USA / California
EPI_ISL_18399140	2023-08-21	2023-10-17	North America / USA / California
EPI_ISL_18399141	2023-08-22	2023-10-17	North America / USA / California
EPI_ISL_18399142	2023-08-18	2023-10-17	North America / USA / California
EPI_ISL_18399143	2023-08-18	2023-10-17	North America / USA / California
EPI_ISL_18399144	2023-08-20	2023-10-17	North America / USA / California
EPI_ISL_18399145	2023-08-21	2023-10-17	North America / USA / California
EPI_ISL_18399146	2023-09-14	2023-10-17	North America / USA / California
EPI_ISL_18399147	2023-09-18	2023-10-17	North America / USA / California
EPI_ISL_18414668	2023-09	2023-10-20	North America / USA / Washington
EPI_ISL_18414669	2023-09	2023-10-20	North America / USA / Washington
EPI_ISL_18414670	2023-09	2023-10-20	North America / USA / Washington
EPI_ISL_18414671	2023-09	2023-10-20	North America / USA / Washington
EPI_ISL_18414672	2023-09	2023-10-20	North America / USA / Washington
EPI_ISL_18427686	2023-08-19	2023-10-23	North America / USA / Illinois / Cook County / Chicago
EPI_ISL_18427687	2023-08-18	2023-10-23	North America / USA / Illinois / Cook County / Chicago
EPI_ISL_18427688	2023-08-23	2023-10-23	North America / USA / Illinois / Cook County / Chicago
EPI_ISL_18427689	2023-08-28	2023-10-23	North America / USA / Illinois / Cook County / Chicago
EPI_ISL_18427690	2023-09-05	2023-10-23	North America / USA / Illinois / Cook County / Chicago
EPI_ISL_18427691	2023-09-06	2023-10-23	North America / USA / Illinois / Cook County / Chicago
EPI_ISL_18427692	2023-08-22	2023-10-23	North America / USA / Illinois / Cook County / Chicago
EPI_ISL_18436040	2023-10-12	2023-10-26	Asia / Indonesia / DKI Jakarta / Jakarta Selatan
EPI_ISL_18436041	2023-10-20	2023-10-26	Asia / Indonesia / DKI Jakarta / Jakarta Timur
EPI_ISL_18443030	2022-06-21	2023-10-28	North America / USA / California
EPI_ISL_18443031	2022-06-22	2023-10-28	North America / USA / California
EPI_ISL_18443032	2022-06-30	2023-10-28	North America / USA / California
EPI_ISL_18443033	2022-06-30	2023-10-28	North America / USA / California
EPI_ISL_18443034	2022-06-29	2023-10-28	North America / USA / California
EPI_ISL_18443035	2022-07-08	2023-10-28	North America / USA / California
EPI_ISL_18443036	2022-08-11	2023-10-28	North America / USA / California
EPI_ISL_18443037	2022-09-01	2023-10-28	North America / USA / California
EPI_ISL_18443038	2022-08-05	2023-10-28	North America / USA / California
EPI_ISL_18443039	2022-07-12	2023-10-28	North America / USA / California
EPI_ISL_18443040	2022-06-04	2023-10-28	North America / USA / California
EPI_ISL_18443041	2022-06-07	2023-10-28	North America / USA / California
EPI_ISL_18443042	2023-05-12	2023-10-28	North America / USA / California
EPI_ISL_18443043	2023-05-12	2023-10-28	North America / USA / California
EPI_ISL_18443044	2023-05-23	2023-10-28	North America / USA / California
EPI_ISL_18443045	2022-06-30	2023-10-28	North America / USA / California
EPI_ISL_18452332	2023-09-25	2023-10-31	North America / USA / California
EPI_ISL_18452333	2023-09-25	2023-10-31	North America / USA / California
EPI_ISL_18452334	2023-09-26	2023-10-31	North America / USA / California
EPI_ISL_18452335	2023-09-26	2023-10-31	North America / USA / California
EPI_ISL_18452336	2023-09-26	2023-10-31	North America / USA / California
EPI_ISL_18452337	2023-09-30	2023-10-31	North America / USA / California
EPI_ISL_18452338	2023-10-02	2023-10-31	North America / USA / California
EPI_ISL_18452339	2023-10-02	2023-10-31	North America / USA / California
EPI_ISL_18452340	2023-10-02	2023-10-31	North America / USA / California
EPI_ISL_18452341	2023-10-02	2023-10-31	North America / USA / California
EPI_ISL_18452342	2023-10-04	2023-10-31	North America / USA / California
EPI_ISL_18452343	2023-10-04	2023-10-31	North America / USA / California
EPI_ISL_18452344	2023-10-03	2023-10-31	North America / USA / California
EPI_ISL_18452345	2023-10-04	2023-10-31	North America / USA / California
EPI_ISL_18452346	2023-10-10	2023-10-31	North America / USA / California
EPI_ISL_18452347	2023-10-03	2023-10-31	North America / USA / California
EPI_ISL_18458948	2023-02-22	2023-11-02	North America / USA / California
EPI_ISL_18458949	2023-02-22	2023-11-02	North America / USA / California
EPI_ISL_18458950	2022-06-14	2023-11-02	North America / USA / California
EPI_ISL_18458951	2022-06-21	2023-11-02	North America / USA / California
EPI_ISL_18458952	2022-06-22	2023-11-02	North America / USA / California
EPI_ISL_18458953	2022-06-23	2023-11-02	North America / USA / California
EPI_ISL_18458954	2022-06-23	2023-11-02	North America / USA / California
EPI_ISL_18458955	2022-06-27	2023-11-02	North America / USA / California
EPI_ISL_18458956	2022-06-30	2023-11-02	North America / USA / California
EPI_ISL_18458957	2022-06-30	2023-11-02	North America / USA / California
EPI_ISL_18458958	2022-06-29	2023-11-02	North America / USA / California
EPI_ISL_18458959	2022-12-14	2023-11-02	North America / USA / California
EPI_ISL_18458960	2022-12-14	2023-11-02	North America / USA / California
EPI_ISL_18458961	2022-12-14	2023-11-02	North America / USA / California
EPI_ISL_18458962	2023-04-13	2023-11-02	North America / USA / California
EPI_ISL_18458963	2023-04-13	2023-11-02	North America / USA / California
EPI_ISL_18458964	2023-01-10	2023-11-02	North America / USA / California
EPI_ISL_18458965	2022-06-02	2023-11-02	North America / USA / California
EPI_ISL_18458966	2022-06-23	2023-11-02	North America / USA / California
EPI_ISL_18460494	2022-06-24	2023-11-03	North America / USA / California
EPI_ISL_18460495	2022-07-14	2023-11-03	North America / USA / California
EPI_ISL_18460496	2022-07-14	2023-11-03	North America / USA / California
EPI_ISL_18460497	2022-07-17	2023-11-03	North America / USA / California
EPI_ISL_18460498	2022-07-18	2023-11-03	North America / USA / California
EPI_ISL_18460499	2022-07-19	2023-11-03	North America / USA / California
EPI_ISL_18460500	2022-07-19	2023-11-03	North America / USA / California
EPI_ISL_18460501	2022-07-20	2023-11-03	North America / USA / California
EPI_ISL_18460502	2022-07-25	2023-11-03	North America / USA / California
EPI_ISL_18460503	2023-01-10	2023-11-03	North America / USA / California
EPI_ISL_18460504	2023-02-22	2023-11-03	North America / USA / California
EPI_ISL_18460505	2023-03-31	2023-11-03	North America / USA / California
EPI_ISL_18463158	2023-10-18	2023-11-03	Asia / Indonesia / DKI Jakarta / Jakarta Barat
EPI_ISL_18463159	2023-10-20	2023-11-03	Asia / Indonesia / DKI Jakarta / Jakarta Selatan
EPI_ISL_18463160	2023-10-20	2023-11-03	Asia / Indonesia / DKI Jakarta / Jakarta Pusat
EPI_ISL_18463161	2023-10-21	2023-11-03	Asia / Indonesia / DKI Jakarta / Jakarta Barat
EPI_ISL_18467794	2023-10-27	2023-11-06	Asia / Indonesia / Banten / Tangerang Selatan
EPI_ISL_18467795	2023-10-23	2023-11-06	Asia / Indonesia / DKI Jakarta / Jakarta Barat
EPI_ISL_18467796	2023-10-23	2023-11-06	Asia / Indonesia / DKI Jakarta / Jakarta Barat
EPI_ISL_18467797	2023-10-27	2023-11-06	Asia / Indonesia / DKI Jakarta / Jakarta Barat
EPI_ISL_18467798	2023-10-27	2023-11-06	Asia / Indonesia / DKI Jakarta / Jakarta Barat
EPI_ISL_18467799	2023-10-23	2023-11-06	Asia / Indonesia / DKI Jakarta / Jakarta Selatan
EPI_ISL_18467800	2023-10-25	2023-11-06	Asia / Indonesia / DKI Jakarta / Jakarta Selatan
EPI_ISL_18467801	2023-10-25	2023-11-06	Asia / Indonesia / DKI Jakarta / Jakarta Selatan
EPI_ISL_18467802	2023-10-27	2023-11-06	Asia / Indonesia / DKI Jakarta / Jakarta Selatan
EPI_ISL_18467803	2023-10-30	2023-11-06	Asia / Indonesia / DKI Jakarta / Jakarta Selatan
EPI_ISL_18467804	2023-10-25	2023-11-06	Asia / Indonesia / DKI Jakarta / Jakarta Timur
EPI_ISL_18467805	2023-10-25	2023-11-06	Asia / Indonesia / DKI Jakarta / Jakarta Timur
EPI_ISL_18467806	2023-10-28	2023-11-06	Asia / Indonesia / DKI Jakarta / Jakarta Utara
EPI_ISL_18467807	2023-10-30	2023-11-06	Asia / Indonesia / DKI Jakarta / Jakarta Utara
EPI_ISL_18467808	2023-10-25	2023-11-06	Asia / Indonesia / Jawa Barat / Bandung
EPI_ISL_18486349	2022-09-23	2023-11-09	Europe / Italy / Emilia-Romagna
EPI_ISL_18486350	2022-08-11	2023-11-09	Europe / Italy / Emilia-Romagna
EPI_ISL_18486351	2022-08-10	2023-11-09	Europe / Italy / Emilia-Romagna
EPI_ISL_18486352	2022-08-04	2023-11-09	Europe / Italy / Emilia-Romagna
EPI_ISL_18486433	2023-10	2023-11-09	Europe / Germany
EPI_ISL_18486434	2023-09	2023-11-09	Europe / Germany
EPI_ISL_18486435	2023-08	2023-11-09	Europe / Germany
EPI_ISL_18486436	2023-10	2023-11-09	Europe / Germany
EPI_ISL_18486437	2023-10	2023-11-09	Europe / Germany
EPI_ISL_18486438	2023-10	2023-11-09	Europe / Germany
EPI_ISL_18486439	2023-09	2023-11-09	Europe / Germany
EPI_ISL_18486440	2023-10	2023-11-09	Europe / Germany
EPI_ISL_18538995	2023-10	2023-11-06	Europe / Germany
EPI_ISL_18538996	2023-10	2023-11-06	Europe / Germany
EPI_ISL_18538997	2023-10	2023-11-06	Europe / Germany
EPI_ISL_18538998	2023-10	2023-11-06	Europe / Germany
EPI_ISL_18538999	2023-10	2023-11-06	Europe / Germany
EPI_ISL_18539000	2023-10	2023-11-06	Europe / Germany
EPI_ISL_18539001	2023-10	2023-11-06	Europe / Germany
EPI_ISL_18539002	2023-10	2023-11-06	Europe / Germany
EPI_ISL_18539003	2023-10	2023-11-06	Europe / Germany
EPI_ISL_18539004	2023-10	2023-11-06	Europe / Germany
EPI_ISL_18539005	2023-10	2023-11-06	Europe / Germany
EPI_ISL_18539006	2023-10	2023-11-06	Europe / Germany
EPI_ISL_18539007	2023-10	2023-11-03	North America / USA / Washington
EPI_ISL_18539008	2023-10	2023-11-03	North America / USA / Washington
EPI_ISL_18539009	2023-10	2023-11-03	North America / USA / Washington
EPI_ISL_18539010	2023-10	2023-11-03	North America / USA / Washington
EPI_ISL_18539011	2023-10	2023-11-03	North America / USA / Washington
EPI_ISL_18539012	2023-10	2023-11-03	North America / USA / Washington
EPI_ISL_18539013	2023-10	2023-11-03	North America / USA / Washington
EPI_ISL_18539014	2023-10	2023-11-03	North America / USA / Washington
EPI_ISL_18539015	2023-10	2023-11-03	North America / USA / Washington
EPI_ISL_18539016	2023-10	2023-11-03	North America / USA / Washington
EPI_ISL_18539017	2023-10	2023-11-03	North America / USA / Washington
EPI_ISL_18539018	2022-07-01	2023-11-01	North America / Canada / Ontario
EPI_ISL_18553811	2023-09-19	2023-11-14	Europe / Portugal
EPI_ISL_18553812	2023-09-19	2023-11-14	Europe / Portugal
EPI_ISL_18553813	2023-09-08	2023-11-14	Europe / Portugal
EPI_ISL_18553814	2023-09-15	2023-11-14	Europe / Portugal
EPI_ISL_18553815	2023-08-11	2023-11-14	Europe / Portugal
EPI_ISL_18553816	2023-07-13	2023-11-14	Europe / Portugal
EPI_ISL_18553817	2023-08-13	2023-11-14	Europe / Portugal
EPI_ISL_18553818	2023-08-17	2023-11-14	Europe / Portugal
EPI_ISL_18553819	2023-09-01	2023-11-14	Europe / Portugal
EPI_ISL_18553820	2023-08-31	2023-11-14	Europe / Portugal
EPI_ISL_18553821	2023-07-24	2023-11-14	Europe / Portugal
EPI_ISL_18553822	2023-07-17	2023-11-14	Europe / Portugal
EPI_ISL_18553823	2023-08-22	2023-11-14	Europe / Portugal
EPI_ISL_18553824	2023-08-10	2023-11-14	Europe / Portugal
EPI_ISL_18553825	2023-09-12	2023-11-14	Europe / Portugal
EPI_ISL_18553826	2023-09-12	2023-11-14	Europe / Portugal
EPI_ISL_18553827	2023-09-05	2023-11-14	Europe / Portugal
EPI_ISL_18553828	2023-08-10	2023-11-14	Europe / Portugal
EPI_ISL_18553829	2023-08-07	2023-11-14	Europe / Portugal
EPI_ISL_18553830	2023-09-19	2023-11-14	Europe / Portugal
EPI_ISL_18553831	2023-09-05	2023-11-14	Europe / Portugal
EPI_ISL_18553832	2022-06-02	2023-11-14	Europe / Portugal
EPI_ISL_18553833	2023-08-10	2023-11-14	Europe / Portugal
EPI_ISL_18553834	2023-09-07	2023-11-14	Europe / Portugal
EPI_ISL_18553835	2023-07-18	2023-11-14	Europe / Portugal
EPI_ISL_18553836	2023-09-07	2023-11-14	Europe / Portugal
EPI_ISL_18553837	2023-07-15	2023-11-14	Europe / Portugal
EPI_ISL_18553838	2023-09-14	2023-11-14	Europe / Portugal
EPI_ISL_18553839	2023-09-19	2023-11-14	Europe / Portugal
EPI_ISL_18553840	2023-08-22	2023-11-14	Europe / Portugal
EPI_ISL_18553841	2023-08-07	2023-11-14	Europe / Portugal
EPI_ISL_18553842	2023-07-13	2023-11-14	Europe / Portugal
EPI_ISL_18553843	2023-08-11	2023-11-14	Europe / Portugal
EPI_ISL_18553844	2023-08-11	2023-11-14	Europe / Portugal
EPI_ISL_18553845	2023-09-07	2023-11-14	Europe / Portugal
EPI_ISL_18553846	2023-08-21	2023-11-14	Europe / Portugal
EPI_ISL_18553847	2023-08-08	2023-11-14	Europe / Portugal
EPI_ISL_18553848	2023-09-18	2023-11-14	Europe / Portugal
EPI_ISL_18553849	2023-08-08	2023-11-14	Europe / Portugal
EPI_ISL_18553850	2023-08-21	2023-11-14	Europe / Portugal
EPI_ISL_18557816	2023-09-22	2023-11-29	Asia / Japan / Tokyo
EPI_ISL_18557817	2023-10-11	2023-11-29	Asia / Japan / Tokyo
EPI_ISL_18557818	2023-10-25	2023-11-29	Asia / Japan / Tokyo
EPI_ISL_18560904	2023-08-01	2023-11-09	Asia / Thailand
EPI_ISL_18560905	2023-08-01	2023-11-09	Asia / Thailand
EPI_ISL_18567805	2023-10-04	2023-12-01	North America / USA / Nevada / Clark
EPI_ISL_18567806	2023-10-18	2023-12-01	North America / USA / Nevada / Clark
EPI_ISL_18567807	2023-10-25	2023-12-01	North America / USA / Nevada / Clark
EPI_ISL_18627266	2023-11-22	2023-12-14	Europe / Germany / Bavaria / Munich
EPI_ISL_18634755	2023-10	2023-12-15	Europe / Ireland / Dublin
EPI_ISL_18634756	2023-10	2023-12-15	Europe / Ireland / Dublin
EPI_ISL_18642356	2023-10-31	2023-12-18	Asia / Indonesia / DKI Jakarta / Jakarta Pusat
EPI_ISL_18642357	2023-11-01	2023-12-18	Asia / Indonesia / DKI Jakarta / Jakarta Timur
EPI_ISL_18642358	2023-11-01	2023-12-18	Asia / Indonesia / DKI Jakarta / Jakarta Utara
EPI_ISL_18642359	2023-11-03	2023-12-18	Asia / Indonesia / DKI Jakarta / Jakarta Timur
EPI_ISL_18642360	2023-11-04	2023-12-18	Asia / Indonesia / DKI Jakarta / Jakarta Selatan
EPI_ISL_18642361	2023-11-08	2023-12-18	Asia / Indonesia / DKI Jakarta / Jakarta Selatan
EPI_ISL_18642362	2023-11-10	2023-12-18	Asia / Indonesia / Jawa Barat / Cirebon
EPI_ISL_18642363	2023-11-13	2023-12-18	Asia / Indonesia / DKI Jakarta / Jakarta Selatan
EPI_ISL_18642364	2023-11-14	2023-12-18	Asia / Indonesia / DKI Jakarta / Jakarta Selatan
EPI_ISL_18642365	2023-11-16	2023-12-18	Asia / Indonesia / Banten / Tangerang Selatan
EPI_ISL_18659828	2023-08-29	2023-12-20	Europe / Netherlands
EPI_ISL_18659829	2023-10-15	2023-12-20	Europe / Netherlands
EPI_ISL_18659846	2023-11-07	2023-12-20	Europe / Netherlands
EPI_ISL_18668236	2023-11	2023-12-13	North America / USA / Washington
EPI_ISL_18668237	2023-11	2023-12-13	North America / USA / Washington
EPI_ISL_18668238	2023-11	2023-12-13	North America / USA / Washington
EPI_ISL_18668239	2023-11	2023-12-13	North America / USA / Washington
EPI_ISL_18668240	2023-11	2023-12-13	North America / USA / Washington
EPI_ISL_18668241	2023-09	2023-12-13	North America / USA / Washington
EPI_ISL_18689510	2023-10	2023-12-14	North America / USA / Washington
EPI_ISL_18689511	2023-11-22	2023-12-14	Europe / Germany
EPI_ISL_18689512	2016-08	2023-12-07	Africa / Cameroon
EPI_ISL_18697752	2023-12-11	2023-12-28	Asia / Cambodia
EPI_ISL_18702208	2023-10-17	2023-12-21	Europe / Portugal
EPI_ISL_18702209	2023-11-18	2023-12-21	Europe / Portugal
EPI_ISL_18702210	2023-09-21	2023-12-21	Europe / Portugal
EPI_ISL_18702211	2023-10-04	2023-12-21	Europe / Portugal
EPI_ISL_18702212	2023-09-24	2023-12-21	Europe / Portugal
EPI_ISL_18702213	2023-11-23	2023-12-21	Europe / Portugal
EPI_ISL_18702214	2023-09-27	2023-12-21	Europe / Portugal
EPI_ISL_18702215	2023-10-13	2023-12-21	Europe / Portugal
EPI_ISL_18702216	2023-10-03	2023-12-21	Europe / Portugal
EPI_ISL_18702217	2023-11-28	2023-12-21	Europe / Portugal
EPI_ISL_18702218	2023-09-26	2023-12-21	Europe / Portugal
EPI_ISL_18702219	2023-10-12	2023-12-21	Europe / Portugal
EPI_ISL_18702220	2023-10-29	2023-12-21	Europe / Portugal
EPI_ISL_18702221	2023-11-07	2023-12-21	Europe / Portugal
EPI_ISL_18702222	2023-10-12	2023-12-21	Europe / Portugal
EPI_ISL_18702223	2023-11-02	2023-12-21	Europe / Portugal
EPI_ISL_18702224	2023-10-12	2023-12-21	Europe / Portugal
EPI_ISL_18702225	2023-10-06	2023-12-21	Europe / Portugal
EPI_ISL_18702226	2023-10-18	2023-12-21	Europe / Portugal
EPI_ISL_18702227	2023-11-09	2023-12-21	Europe / Portugal
EPI_ISL_18702228	2023-11-16	2023-12-21	Europe / Portugal
EPI_ISL_18702229	2023-10-29	2023-12-21	Europe / Portugal
EPI_ISL_18702230	2023-09-29	2023-12-21	Europe / Portugal
EPI_ISL_18702231	2023-09-26	2023-12-21	Europe / Portugal
EPI_ISL_18702232	2023-11-08	2023-12-21	Europe / Portugal
EPI_ISL_18702233	2023-09-25	2023-12-21	Europe / Portugal
EPI_ISL_18702234	2023-10-29	2023-12-21	Europe / Portugal
EPI_ISL_18702235	2023-10-02	2023-12-21	Europe / Portugal
EPI_ISL_18702236	2023-09-22	2023-12-21	Europe / Portugal
EPI_ISL_18702237	2023-10-13	2023-12-21	Europe / Portugal
EPI_ISL_18702238	2023-10-10	2023-12-21	Europe / Portugal
EPI_ISL_18702239	2023-10-28	2023-12-21	Europe / Portugal
EPI_ISL_18702240	2023-11-01	2023-12-21	Europe / Portugal
EPI_ISL_18702241	2023-10-03	2023-12-21	Europe / Portugal
EPI_ISL_18702242	2023-11-08	2023-12-21	Europe / Portugal
EPI_ISL_18702243	2023-10-27	2023-12-21	Europe / Portugal
EPI_ISL_18702244	2023-10-04	2023-12-21	Europe / Portugal
EPI_ISL_18702245	2023-09-29	2023-12-21	Europe / Portugal
EPI_ISL_18702246	2023-09-25	2023-12-21	Europe / Portugal
EPI_ISL_18702247	2023-10-03	2023-12-21	Europe / Portugal
EPI_ISL_18702248	2023-10-12	2023-12-21	Europe / Portugal
EPI_ISL_18702249	2023-10-20	2023-12-21	Europe / Portugal
EPI_ISL_18702250	2023-09-22	2023-12-21	Europe / Portugal
EPI_ISL_18702251	2023-10-26	2023-12-21	Europe / Portugal
EPI_ISL_18702252	2023-11-20	2023-12-21	Europe / Portugal
EPI_ISL_18702253	2023-10-19	2023-12-21	Europe / Portugal
EPI_ISL_18702254	2023-10-10	2023-12-21	Europe / Portugal
EPI_ISL_18702255	2023-09-19	2023-12-21	Europe / Portugal
EPI_ISL_18702256	2023-10-12	2023-12-21	Europe / Portugal
EPI_ISL_18702257	2023-10-31	2023-12-21	Europe / Portugal
EPI_ISL_18719998	2023-05-07	2024-01-04	North America / USA / Connecticut
EPI_ISL_18719999	2023-12-26	2024-01-04	North America / USA / Connecticut
EPI_ISL_18722047	2022-07-29	2024-01-05	North America / USA / Virginia / Richmond
EPI_ISL_18722048	2022-08-09	2024-01-05	North America / USA / Texas / Midlothian
EPI_ISL_18722049	2022-08-11	2024-01-05	North America / USA / Texas / Dallas
EPI_ISL_18722050	2022-08-16	2024-01-05	North America / USA / Texas / Grand Prairie
EPI_ISL_18722051	2022-08-19	2024-01-05	North America / USA / Texas / Irving
EPI_ISL_18722052	2022-08-29	2024-01-05	North America / USA / Texas / Dallas
EPI_ISL_18722053	2022-08-31	2024-01-05	North America / USA / Texas / Dallas
EPI_ISL_18722054	2022-09-02	2024-01-05	North America / USA / Texas / Dallas
EPI_ISL_18723946	2022-07-29	2024-01-06	North America / USA / Texas / Dallas
EPI_ISL_18723947	2022-08-01	2024-01-06	North America / USA / Texas / Dallas
EPI_ISL_18723948	2022-08-01	2024-01-06	North America / USA / Texas / Dallas
EPI_ISL_18723949	2022-08-01	2024-01-06	North America / USA / Texas / Dallas
EPI_ISL_18723950	2022-08-05	2024-01-06	North America / USA / Texas / Dallas
EPI_ISL_18723951	2022-08-08	2024-01-06	North America / USA / Texas / Dallas
EPI_ISL_18723952	2022-08-20	2024-01-06	North America / USA / Texas / Dallas
EPI_ISL_18723953	2022-08-24	2024-01-06	North America / USA / Texas / Dallas
EPI_ISL_18723954	2022-08-07	2024-01-06	North America / USA / Texas / Dallas
EPI_ISL_18723955	2022-08-05	2024-01-06	North America / USA / Texas / Grand Prairie
EPI_ISL_18723956	2022-08-09	2024-01-06	North America / USA / Texas / Dallas
EPI_ISL_18723957	2022-08-08	2024-01-06	North America / USA / Texas / Plano
EPI_ISL_18723958	2022-08-09	2024-01-06	North America / USA / Nevada / Las Vegas
EPI_ISL_18723959	2022-08-09	2024-01-06	North America / USA / Texas / Dallas
EPI_ISL_18723960	2022-08-09	2024-01-06	North America / USA / Texas / Dallas
EPI_ISL_18723961	2022-08-09	2024-01-06	North America / USA / Texas / Dallas
EPI_ISL_18723962	2022-08-09	2024-01-06	North America / USA / Texas / Richardson
EPI_ISL_18723963	2022-08-11	2024-01-06	North America / USA / Florida / Ocala
EPI_ISL_18723964	2022-08-12	2024-01-06	North America / USA / Texas / Dallas
EPI_ISL_18723965	2022-08-10	2024-01-06	North America / USA / Texas / Garland
EPI_ISL_18723966	2022-08-11	2024-01-06	North America / USA / Texas / Dallas
EPI_ISL_18723967	2022-08-10	2024-01-06	North America / USA / Texas / Dallas
EPI_ISL_18723968	2022-08-10	2024-01-06	North America / USA / Texas / Irving
EPI_ISL_18723969	2022-08-12	2024-01-06	North America / USA / Texas / Dallas
EPI_ISL_18723970	2022-08-11	2024-01-06	North America / USA / Texas / Dallas
EPI_ISL_18723971	2022-08-11	2024-01-06	North America / USA / Texas / Dallas
EPI_ISL_18723972	2022-08-12	2024-01-06	North America / USA / Texas / Dallas
EPI_ISL_18723973	2022-07-20	2024-01-06	North America / USA / Texas / Dallas
EPI_ISL_18723974	2022-08-12	2024-01-06	North America / USA / Texas / Dallas
EPI_ISL_18723975	2022-08-12	2024-01-06	North America / USA / Texas / Dallas
EPI_ISL_18723976	2022-08-12	2024-01-06	North America / USA / Texas / Dallas
EPI_ISL_18723977	2022-08-12	2024-01-06	North America / USA / Texas / Dallas
EPI_ISL_18723978	2022-08-12	2024-01-06	North America / USA / Texas / Dallas
EPI_ISL_18723979	2022-08-12	2024-01-06	North America / USA / Texas / Dallas
EPI_ISL_18723980	2022-08-12	2024-01-06	North America / USA / Texas / Dallas
EPI_ISL_18723981	2022-08-15	2024-01-06	North America / USA / Texas / Arlington
EPI_ISL_18723982	2022-08-12	2024-01-06	North America / USA / Texas / Grand Prairie
EPI_ISL_18723983	2022-08-15	2024-01-06	North America / USA / Texas / Dallas
EPI_ISL_18723984	2022-08-16	2024-01-06	North America / USA / Texas / Dallas
EPI_ISL_18723985	2022-08-16	2024-01-06	North America / USA / Texas / Mesquite
EPI_ISL_18723986	2022-08-15	2024-01-06	North America / USA / Texas / Dallas
EPI_ISL_18723987	2022-08-16	2024-01-06	North America / USA / Texas / Irving
EPI_ISL_18723988	2022-08-17	2024-01-06	North America / USA / Texas / Dallas
EPI_ISL_18723989	2022-08-17	2024-01-06	North America / USA / Texas / Dallas
EPI_ISL_18723990	2022-08-17	2024-01-06	North America / USA / Texas / Dallas
EPI_ISL_18737442	2022-08-10	2024-01-09	North America / USA / Texas / Dallas
EPI_ISL_18737443	2022-08-30	2024-01-09	North America / USA / Texas / Dallas
EPI_ISL_18737444	2022-08-31	2024-01-09	North America / USA / Texas / Dallas
EPI_ISL_18737445	2022-09-01	2024-01-09	North America / USA / Texas / Dallas
EPI_ISL_18737446	2022-09-01	2024-01-09	North America / USA / Texas / Dallas
EPI_ISL_18737447	2022-08-31	2024-01-09	North America / USA / Texas / Dallas
EPI_ISL_18737448	2022-09-02	2024-01-09	North America / USA / Texas / Dallas
EPI_ISL_18737449	2022-09-02	2024-01-09	North America / USA / Texas / Dallas
EPI_ISL_18737450	2022-09-02	2024-01-09	North America / USA / Texas / Dallas
EPI_ISL_18737451	2022-09-02	2024-01-09	North America / USA / Texas / Dallas
EPI_ISL_18737520	2022-08-09	2024-01-09	North America / USA / Texas / Dallas
EPI_ISL_18737522	2022-08-10	2024-01-09	North America / USA / Texas / Dallas
EPI_ISL_18737523	2022-08-25	2024-01-09	North America / USA / Texas / Dallas
EPI_ISL_18737524	2022-08-25	2024-01-09	North America / USA / Texas / Dallas
EPI_ISL_18737525	2022-08-25	2024-01-09	North America / USA / Texas / Dallas
EPI_ISL_18737526	2022-08-25	2024-01-09	North America / USA / Texas / Dallas
EPI_ISL_18737527	2022-08-25	2024-01-09	North America / USA / Texas / Dallas
EPI_ISL_18737528	2022-08-27	2024-01-09	North America / USA / Texas / Mesquite
EPI_ISL_18737529	2022-08-29	2024-01-09	North America / USA / Texas / Dallas
EPI_ISL_18737530	2022-08-29	2024-01-09	North America / USA / Texas / Dallas
EPI_ISL_18737544	2022-08-17	2024-01-09	North America / USA / Texas / Dallas
EPI_ISL_18737545	2022-08-17	2024-01-09	North America / USA / Texas / Dallas
EPI_ISL_18737546	2022-08-17	2024-01-09	North America / USA / Texas / Dallas
EPI_ISL_18737547	2022-08-17	2024-01-09	North America / USA / Texas / Dallas
EPI_ISL_18737548	2022-08-19	2024-01-09	North America / USA / Texas / Dallas
EPI_ISL_18737549	2022-08-22	2024-01-09	North America / USA / Texas / Dallas
EPI_ISL_18737550	2022-08-22	2024-01-09	North America / USA / Texas / Dallas
EPI_ISL_18737551	2022-08-22	2024-01-09	North America / USA / Texas / Dallas
EPI_ISL_18737552	2022-08-23	2024-01-09	North America / USA / Texas / Dallas
EPI_ISL_18737553	2022-08-22	2024-01-09	North America / USA / Texas / Dallas
EPI_ISL_18737554	2022-08-22	2024-01-09	North America / USA / Texas / Dallas
EPI_ISL_18737555	2022-08-23	2024-01-09	North America / USA / Texas / Dallas
EPI_ISL_18737556	2022-08-24	2024-01-09	North America / USA / Texas / Dallas
EPI_ISL_18737557	2022-08-26	2024-01-09	North America / USA / Texas / Mesquite
EPI_ISL_18739594	2023-11-29	2024-01-09	Asia / Japan / Tokyo
EPI_ISL_18739595	2023-12-01	2024-01-09	Asia / Japan / Tokyo
EPI_ISL_18744048	2022-09-19	2024-01-11	Asia / South Korea / Seoul
EPI_ISL_18744049	2022-12-19	2024-01-11	Asia / South Korea / Seoul
EPI_ISL_18744050	2023-05-03	2024-01-11	Asia / South Korea / Seoul
EPI_ISL_18746882	2023-11-23	2024-01-11	Europe / Netherlands
EPI_ISL_18746884	2023-12-18	2024-01-11	Europe / Netherlands
EPI_ISL_18746885	2023-12-19	2024-01-11	Europe / Netherlands
EPI_ISL_18746956	2022-10-06	2024-01-11	North America / USA / Texas / Dallas
EPI_ISL_18746957	2022-10-09	2024-01-11	North America / USA / Texas / Dallas
EPI_ISL_18746958	2022-10-08	2024-01-11	North America / USA / Texas / Duncanville
EPI_ISL_18746959	2022-10-08	2024-01-11	North America / USA / Texas / Dallas
EPI_ISL_18746960	2022-10-10	2024-01-11	North America / USA / Texas / Crockett
EPI_ISL_18746961	2022-10-11	2024-01-11	North America / USA / Texas / Irving
EPI_ISL_18746962	2022-10-11	2024-01-11	North America / USA / Texas / Dallas
EPI_ISL_18746963	2022-10-12	2024-01-11	North America / USA / Texas / Dallas
EPI_ISL_18746964	2022-10-14	2024-01-11	North America / USA / Texas / Dallas
EPI_ISL_18746965	2022-10-16	2024-01-11	North America / USA / Texas / Irving
EPI_ISL_18746966	2022-10-17	2024-01-11	North America / USA / Texas / Dallas
EPI_ISL_18746967	2022-10-17	2024-01-11	North America / USA / Texas / Dallas
EPI_ISL_18746968	2022-10-18	2024-01-11	North America / USA / Texas / Irving
EPI_ISL_18746969	2022-10-18	2024-01-11	North America / USA / Texas / Dallas
EPI_ISL_18746970	2022-10-20	2024-01-11	North America / USA / Texas / Dallas
EPI_ISL_18746971	2022-10-20	2024-01-11	North America / USA / Texas / Mesquite
EPI_ISL_18746972	2022-10-21	2024-01-11	North America / USA / Texas / Dallas
EPI_ISL_18746973	2022-10-22	2024-01-11	North America / USA / Texas / Dallas
EPI_ISL_18746974	2022-10-22	2024-01-11	North America / USA / Texas / Dallas
EPI_ISL_18746975	2022-09-13	2024-01-11	North America / USA / Texas / Irving
EPI_ISL_18746976	2022-09-13	2024-01-11	North America / USA / Texas / Dallas
EPI_ISL_18746977	2022-09-13	2024-01-11	North America / USA / Texas / Dallas
EPI_ISL_18746978	2022-09-14	2024-01-11	North America / USA / Texas / Irving
EPI_ISL_18746979	2022-09-14	2024-01-11	North America / USA / Texas / Fort Worth
EPI_ISL_18746980	2022-09-14	2024-01-11	North America / USA / Texas / Dallas
EPI_ISL_18746981	2022-09-14	2024-01-11	North America / USA / Texas / Dallas
EPI_ISL_18746982	2022-09-15	2024-01-11	North America / USA / Texas / Irving
EPI_ISL_18746983	2022-09-15	2024-01-11	North America / USA / Texas / Dallas
EPI_ISL_18746984	2022-09-15	2024-01-11	North America / USA / Texas / Irving
EPI_ISL_18746985	2022-09-15	2024-01-11	North America / USA / Texas / Irving
EPI_ISL_18746986	2022-09-16	2024-01-11	North America / USA / Texas / Dallas
EPI_ISL_18746987	2022-09-16	2024-01-11	North America / USA / Texas / Plano
EPI_ISL_18746988	2022-09-20	2024-01-11	North America / USA / Texas / Dallas
EPI_ISL_18746989	2022-09-19	2024-01-11	North America / USA / Texas / Dallas
EPI_ISL_18746990	2022-09-19	2024-01-11	North America / USA / Texas / Dallas
EPI_ISL_18746991	2022-09-21	2024-01-11	North America / USA / Texas / Dallas
EPI_ISL_18746992	2022-09-22	2024-01-11	North America / USA / Texas / Dallas
EPI_ISL_18746993	2022-09-23	2024-01-11	North America / USA / Texas / Irving
EPI_ISL_18746994	2022-09-23	2024-01-11	North America / USA / Texas / Dallas
EPI_ISL_18746995	2022-09-02	2024-01-11	North America / USA / Texas / Dallas
EPI_ISL_18746996	2022-09-05	2024-01-11	North America / USA / Texas / Garland
EPI_ISL_18746997	2022-09-04	2024-01-11	North America / USA / Texas / Dallas
EPI_ISL_18746998	2022-09-03	2024-01-11	North America / USA / Texas / Dallas
EPI_ISL_18746999	2022-09-06	2024-01-11	North America / USA / Texas / Plano
EPI_ISL_18747000	2022-09-06	2024-01-11	North America / USA / Texas / Dallas
EPI_ISL_18747001	2022-09-06	2024-01-11	North America / USA / Texas / Dallas
EPI_ISL_18747002	2022-09-07	2024-01-11	North America / USA / Texas / Plano
EPI_ISL_18747003	2022-09-08	2024-01-11	North America / USA / Texas / Royse City
EPI_ISL_18747004	2022-09-08	2024-01-11	North America / USA / Texas / Dallas
EPI_ISL_18747005	2022-09-11	2024-01-11	North America / USA / Texas / Richardson
EPI_ISL_18747006	2022-09-10	2024-01-11	North America / USA / Texas / Dallas
EPI_ISL_18747007	2022-09-10	2024-01-11	North America / USA / Texas / Dallas
EPI_ISL_18747008	2022-09-10	2024-01-11	North America / USA / Texas / Mesquite
EPI_ISL_18747009	2022-09-09	2024-01-11	North America / USA / Texas / Dallas
EPI_ISL_18747010	2022-09-12	2024-01-11	North America / USA / Texas / Dallas
EPI_ISL_18747011	2022-09-12	2024-01-11	North America / USA / Texas / Dallas
EPI_ISL_18747012	2022-09-13	2024-01-11	North America / USA / Texas / Dallas
EPI_ISL_18747013	2022-09-24	2024-01-11	North America / USA / Texas / Mesquite
EPI_ISL_18747014	2022-09-27	2024-01-11	North America / USA / Texas / Grand Prairie
EPI_ISL_18747015	2022-09-28	2024-01-11	North America / USA / Texas / Dallas
EPI_ISL_18747016	2022-09-28	2024-01-11	North America / USA / Texas / Dallas
EPI_ISL_18747017	2022-09-09	2024-01-11	North America / USA / Texas / Dallas
EPI_ISL_18747018	2022-09-29	2024-01-11	North America / USA / Texas / Dallas
EPI_ISL_18747019	2022-09-29	2024-01-11	North America / USA / Texas / Dallas
EPI_ISL_18747020	2022-09-29	2024-01-11	North America / USA / Texas / Dallas
EPI_ISL_18747021	2022-09-30	2024-01-11	North America / USA / Texas / Dallas
EPI_ISL_18747022	2022-09-30	2024-01-11	North America / USA / Texas / Dallas
EPI_ISL_18747023	2022-10-03	2024-01-11	North America / USA / Texas / Dallas
EPI_ISL_18747024	2022-10-04	2024-01-11	North America / USA / Texas / Dallas
EPI_ISL_18747025	2022-10-03	2024-01-11	North America / USA / Texas / Dallas
EPI_ISL_18747026	2022-10-04	2024-01-11	North America / USA / Texas / Dallas
EPI_ISL_18747027	2022-10-04	2024-01-11	North America / USA / Texas / Dallas
EPI_ISL_18747028	2022-10-05	2024-01-11	North America / USA / Texas / Dallas
EPI_ISL_18747029	2022-10-06	2024-01-11	North America / USA / Texas / Dallas
EPI_ISL_18755970	2022-07-06	2024-01-12	Europe / Netherlands
EPI_ISL_18755971	2022-08-01	2024-01-12	Europe / Netherlands
EPI_ISL_18755972	2022-07-04	2024-01-12	Europe / Netherlands
EPI_ISL_18755973	2022-06-13	2024-01-12	Europe / Netherlands
EPI_ISL_18755974	2022-06-28	2024-01-12	Europe / Netherlands
EPI_ISL_18755975	2022-07-29	2024-01-12	Europe / Netherlands
EPI_ISL_18755976	2022-06-29	2024-01-12	Europe / Netherlands
EPI_ISL_18755977	2022-06-28	2024-01-12	Europe / Netherlands
EPI_ISL_18755978	2022-07-22	2024-01-12	Europe / Netherlands
EPI_ISL_18755979	2022-07-01	2024-01-12	Europe / Netherlands
EPI_ISL_18773078	2023-12	2024-01-08	Europe / Germany
EPI_ISL_18773079	2023-11	2024-01-08	Europe / Germany
EPI_ISL_18773080	2023-11	2024-01-08	Europe / Germany
EPI_ISL_18773081	2023-11	2024-01-08	Europe / Germany
EPI_ISL_18773082	2023-11	2024-01-08	Europe / Germany
EPI_ISL_18773083	2023-12	2024-01-08	Europe / Germany
EPI_ISL_18773084	2023-11	2024-01-08	Europe / Germany
EPI_ISL_18773085	2023-11	2024-01-08	Europe / Germany
EPI_ISL_18773086	2023-11	2024-01-08	Europe / Germany
EPI_ISL_18773087	2023-11	2024-01-08	Europe / Germany
EPI_ISL_18773088	2023-11	2024-01-08	Europe / Germany
EPI_ISL_18773089	2023-11	2024-01-08	Europe / Germany
EPI_ISL_18773090	2023-12	2024-01-08	Europe / Germany
EPI_ISL_18773091	2023-11	2024-01-08	Europe / Germany
EPI_ISL_18773092	2023-11	2024-01-08	Europe / Germany
EPI_ISL_18773093	2023-11	2024-01-08	Europe / Germany
EPI_ISL_18773094	2023-11	2024-01-08	Europe / Germany
EPI_ISL_18773095	2023-11	2024-01-08	Europe / Germany
EPI_ISL_18773096	2023-12	2024-01-08	Europe / Germany
EPI_ISL_18773097	2023-11	2024-01-08	Europe / Germany
EPI_ISL_18773098	2023-11	2024-01-08	Europe / Germany
EPI_ISL_18773099	2023-11	2024-01-08	Europe / Germany
EPI_ISL_18773100	2023-11	2024-01-08	Europe / Germany
EPI_ISL_18773101	2023-11	2024-01-08	Europe / Germany
EPI_ISL_18773102	2023-12	2024-01-08	Europe / Germany
EPI_ISL_18773103	2023-11	2024-01-08	Europe / Germany
EPI_ISL_18773104	2023-11	2024-01-08	Europe / Germany
EPI_ISL_18773105	2023-11	2024-01-08	Europe / Germany
EPI_ISL_18773106	2023-11	2024-01-08	Europe / Germany
EPI_ISL_18773107	2023-11	2024-01-08	Europe / Germany
EPI_ISL_18773108	2023-11	2024-01-08	Europe / Germany
EPI_ISL_18773109	2023-05	2024-01-09	Europe / Italy
EPI_ISL_18773110	2023-05	2024-01-09	Europe / Italy
EPI_ISL_18773111	2023-05	2024-01-09	Europe / Italy
EPI_ISL_18773112	2023-05	2024-01-09	Europe / Italy
EPI_ISL_18773113	2023-05	2024-01-09	Europe / Italy
EPI_ISL_18773114	2023-05	2024-01-09	Europe / Italy
EPI_ISL_18773115	2023-05	2024-01-09	Europe / Italy
EPI_ISL_18773116	2023-05	2024-01-09	Europe / Italy
EPI_ISL_18773117	2023-05	2024-01-09	Europe / Italy
EPI_ISL_18773118	2023-05	2024-01-09	Europe / Italy
EPI_ISL_18773119	2023-05	2024-01-09	Europe / Italy
EPI_ISL_18773120	2023-05	2024-01-09	Europe / Italy
EPI_ISL_18773121	2023-05	2024-01-09	Europe / Italy
EPI_ISL_18773122	2023-05	2024-01-09	Europe / Italy
EPI_ISL_18773123	2023-05	2024-01-09	Europe / Italy
EPI_ISL_18773124	2023-05	2024-01-09	Europe / Italy
EPI_ISL_18773125	2023-05	2024-01-09	Europe / Italy
EPI_ISL_18773126	2023-05	2024-01-09	Europe / Italy
EPI_ISL_18773127	2023-05	2024-01-09	Europe / Italy
EPI_ISL_18773128	2023-05	2024-01-09	Europe / Italy
EPI_ISL_18773129	2023-05	2024-01-09	Europe / Italy
EPI_ISL_18773130	2023-05	2024-01-09	Europe / Italy
EPI_ISL_18773131	2023-05	2024-01-09	Europe / Italy
EPI_ISL_18773132	2023-05	2024-01-09	Europe / Italy
EPI_ISL_18773133	2023-05	2024-01-09	Europe / Italy
EPI_ISL_18773134	2023-05	2024-01-09	Europe / Italy
EPI_ISL_18773135	2023-05	2024-01-09	Europe / Italy
EPI_ISL_18773136	2023-05	2024-01-09	Europe / Italy
EPI_ISL_18773137	2023-05	2024-01-09	Europe / Italy
EPI_ISL_18773138	2023-05	2024-01-09	Europe / Italy
EPI_ISL_18773139	2023-05	2024-01-09	Europe / Italy
EPI_ISL_18773140	2023-05	2024-01-09	Europe / Italy
EPI_ISL_18773141	2023-05	2024-01-09	Europe / Italy
EPI_ISL_18773142	2023-05	2024-01-09	Europe / Italy
EPI_ISL_18773143	2023-05	2024-01-09	Europe / Italy
EPI_ISL_18773144	2023-05	2024-01-09	Europe / Italy
EPI_ISL_18773145	2023-05	2024-01-09	Europe / Italy
EPI_ISL_18773146	2023-05	2024-01-09	Europe / Italy
EPI_ISL_18773147	2023-05	2024-01-09	Europe / Italy
EPI_ISL_18773148	2023-05	2024-01-09	Europe / Italy
EPI_ISL_18773149	2023-05	2024-01-09	Europe / Italy
EPI_ISL_18773150	2023-05	2024-01-09	Europe / Italy
EPI_ISL_18781624	2023-09-18	2024-01-17	North America / USA / California
EPI_ISL_18781625	2023-10-23	2024-01-17	North America / USA / California
EPI_ISL_18781626	2023-10-11	2024-01-17	North America / USA / California
EPI_ISL_18781627	2023-11-02	2024-01-17	North America / USA / California
EPI_ISL_18781628	2023-11-09	2024-01-17	North America / USA / California
EPI_ISL_18781629	2023-10-30	2024-01-17	North America / USA / California
EPI_ISL_18781630	2023-10-27	2024-01-17	North America / USA / California
EPI_ISL_18781631	2023-11-09	2024-01-17	North America / USA / California
EPI_ISL_18781632	2023-11-28	2024-01-17	North America / USA / California
EPI_ISL_18781633	2023-10-06	2024-01-17	North America / USA / California
EPI_ISL_18781634	2023-10-06	2024-01-17	North America / USA / California
EPI_ISL_18781635	2023-10-10	2024-01-17	North America / USA / California
EPI_ISL_18781636	2023-10-10	2024-01-17	North America / USA / California
EPI_ISL_18781637	2023-10-16	2024-01-17	North America / USA / California
EPI_ISL_18781785	2023-09-25	2024-01-17	North America / USA / California
EPI_ISL_18781786	2023-09-19	2024-01-17	North America / USA / California
EPI_ISL_18781787	2023-09-08	2024-01-17	North America / USA / California
EPI_ISL_18781788	2023-09-16	2024-01-17	North America / USA / California
EPI_ISL_18781790	2023-09-18	2024-01-17	North America / USA / California
EPI_ISL_18781791	2023-10-04	2024-01-17	North America / USA / California
EPI_ISL_18781792	2023-09-27	2024-01-17	North America / USA / California
EPI_ISL_18781793	2023-10-20	2024-01-17	North America / USA / California
EPI_ISL_18781794	2023-09-12	2024-01-17	North America / USA / California
EPI_ISL_18781795	2023-10-01	2024-01-17	North America / USA / California
EPI_ISL_18781796	2023-09-17	2024-01-17	North America / USA / California
EPI_ISL_18781797	2023-10-05	2024-01-17	North America / USA / California
EPI_ISL_18781798	2023-10-06	2024-01-17	North America / USA / California
EPI_ISL_18781799	2023-09-14	2024-01-17	North America / USA / California
EPI_ISL_18781806	2023-10-13	2024-01-17	North America / USA / California
EPI_ISL_18781807	2023-10-17	2024-01-17	North America / USA / California
EPI_ISL_18781808	2023-10-09	2024-01-17	North America / USA / California
EPI_ISL_18781809	2023-09-26	2024-01-17	North America / USA / California
EPI_ISL_18781810	2023-10-11	2024-01-17	North America / USA / California
EPI_ISL_18781811	2023-10-03	2024-01-17	North America / USA / California
EPI_ISL_18781812	2023-09-28	2024-01-17	North America / USA / California
EPI_ISL_18781813	2023-10-09	2024-01-17	North America / USA / California
EPI_ISL_18781815	2023-10-16	2024-01-17	North America / USA / California
EPI_ISL_18781816	2023-10-13	2024-01-17	North America / USA / California
EPI_ISL_18781817	2023-10-14	2024-01-17	North America / USA / California
EPI_ISL_18781818	2023-10-16	2024-01-17	North America / USA / California
EPI_ISL_18781819	2023-10-12	2024-01-17	North America / USA / California
EPI_ISL_18781820	2023-10-12	2024-01-17	North America / USA / California
EPI_ISL_18781833	2023-09-28	2024-01-17	North America / USA / California
EPI_ISL_18781834	2023-10-02	2024-01-17	North America / USA / California
EPI_ISL_18781835	2023-10-03	2024-01-17	North America / USA / California
EPI_ISL_18781836	2023-09-29	2024-01-17	North America / USA / California
EPI_ISL_18781837	2023-09-19	2024-01-17	North America / USA / California
EPI_ISL_18781839	2023-09-22	2024-01-17	North America / USA / California
EPI_ISL_18781840	2023-09-27	2024-01-17	North America / USA / California
EPI_ISL_18781841	2023-10-11	2024-01-17	North America / USA / California
EPI_ISL_18781842	2023-10-10	2024-01-17	North America / USA / California
EPI_ISL_18781843	2023-10-13	2024-01-17	North America / USA / California
EPI_ISL_18781844	2023-08-25	2024-01-17	North America / USA / California
EPI_ISL_18781845	2023-10-10	2024-01-17	North America / USA / California
EPI_ISL_18781846	2023-10-11	2024-01-17	North America / USA / California
EPI_ISL_18781847	2023-10-12	2024-01-17	North America / USA / California
EPI_ISL_18781848	2023-10-11	2024-01-17	North America / USA / California
EPI_ISL_18781849	2023-10-13	2024-01-17	North America / USA / California
EPI_ISL_18781912	2023-11-06	2024-01-17	North America / USA / California
EPI_ISL_18781913	2023-10-26	2024-01-17	North America / USA / California
EPI_ISL_18781915	2023-10-20	2024-01-17	North America / USA / California
EPI_ISL_18781916	2023-10-18	2024-01-17	North America / USA / California
EPI_ISL_18781917	2023-10-20	2024-01-17	North America / USA / California
EPI_ISL_18781918	2023-11-07	2024-01-17	North America / USA / California
EPI_ISL_18781919	2023-11-07	2024-01-17	North America / USA / California
EPI_ISL_18781920	2023-11-09	2024-01-17	North America / USA / California
EPI_ISL_18781921	2023-11-10	2024-01-17	North America / USA / California
EPI_ISL_18781922	2023-11-11	2024-01-17	North America / USA / California
EPI_ISL_18781923	2023-10-18	2024-01-17	North America / USA / California
EPI_ISL_18781924	2023-10-25	2024-01-17	North America / USA / California
EPI_ISL_18781925	2023-11-06	2024-01-17	North America / USA / California
EPI_ISL_18781926	2023-11-07	2024-01-17	North America / USA / California
EPI_ISL_18781928	2023-11-09	2024-01-17	North America / USA / California
EPI_ISL_18781929	2023-11-09	2024-01-17	North America / USA / California
EPI_ISL_18786340	2023-09-12	2024-01-17	North America / USA / California
EPI_ISL_18786341	2023-09-18	2024-01-17	North America / USA / California
EPI_ISL_18786342	2023-09-18	2024-01-17	North America / USA / California
EPI_ISL_18786343	2023-09-20	2024-01-17	North America / USA / California
EPI_ISL_18786346	2023-09-21	2024-01-17	North America / USA / California
EPI_ISL_18786347	2023-09-21	2024-01-17	North America / USA / California
EPI_ISL_18786348	2023-09-22	2024-01-17	North America / USA / California
EPI_ISL_18786349	2023-09-22	2024-01-17	North America / USA / California
EPI_ISL_18786350	2023-09-22	2024-01-17	North America / USA / California
EPI_ISL_18786351	2023-09-21	2024-01-17	North America / USA / California
EPI_ISL_18786352	2023-10-07	2024-01-17	North America / USA / California
EPI_ISL_18786354	2023-10-12	2024-01-17	North America / USA / California
EPI_ISL_18786356	2023-10-15	2024-01-17	North America / USA / California
EPI_ISL_18786357	2023-09-29	2024-01-17	North America / USA / California
EPI_ISL_18786358	2023-09-29	2024-01-17	North America / USA / California
EPI_ISL_18786359	2023-10-12	2024-01-17	North America / USA / California
EPI_ISL_18798834	2023-11-06	2024-01-22	Asia / Indonesia / DKI Jakarta / Jakarta Selatan
EPI_ISL_18798835	2023-11-16	2024-01-22	Asia / Indonesia / DKI Jakarta / Jakarta Selatan
EPI_ISL_18798836	2023-11-16	2024-01-22	Asia / Indonesia / DKI Jakarta / Jakarta Barat
EPI_ISL_18798837	2023-11-20	2024-01-22	Asia / Indonesia / DKI Jakarta / Jakarta Selatan
EPI_ISL_18798838	2023-11-21	2024-01-22	Asia / Indonesia / DKI Jakarta / Jakarta Pusat
EPI_ISL_18798839	2023-11-20	2024-01-22	Asia / Indonesia / Jawa Barat / Bogor
EPI_ISL_18798840	2023-11-20	2024-01-22	Asia / Indonesia / Jawa Barat / Bogor
EPI_ISL_18798841	2023-11-29	2024-01-22	Asia / Indonesia / DKI Jakarta / Jakarta Utara
EPI_ISL_18798842	2023-11-30	2024-01-22	Asia / Indonesia / DKI Jakarta / Jakarta Selatan
EPI_ISL_18809375	2022-07-08	2024-01-23	North America / USA / California
EPI_ISL_18809376	2022-06-30	2024-01-23	North America / USA / California
EPI_ISL_18809377	2022-07-07	2024-01-23	North America / USA / California
EPI_ISL_18809378	2022-06-16	2024-01-23	North America / USA / California
EPI_ISL_18809379	2022-06-23	2024-01-23	North America / USA / California
EPI_ISL_18809380	2022-06-27	2024-01-23	North America / USA / California
EPI_ISL_18822108	2023-12-22	2024-01-25	North America / USA / California / Los Angeles County
EPI_ISL_18822109	2023-12-19	2024-01-25	North America / USA / California / Los Angeles County
EPI_ISL_18846272	2023-12	2024-01-22	Europe / Germany
EPI_ISL_18846273	2023-12	2024-01-22	Europe / Germany
EPI_ISL_18846274	2023-12	2024-01-22	Europe / Germany
EPI_ISL_18846275	2023-12	2024-01-22	Europe / Germany
EPI_ISL_18846276	2023-12	2024-01-22	Europe / Germany
EPI_ISL_18846277	2023-12	2024-01-22	Europe / Germany
EPI_ISL_18846278	2023-12	2024-01-22	Europe / Germany
EPI_ISL_18846279	2023-05	2024-01-09	Europe / Italy
EPI_ISL_18846280	2023-05	2024-01-09	Europe / Italy
EPI_ISL_18846281	2023-05	2024-01-09	Europe / Italy
EPI_ISL_18846282	2023-05	2024-01-09	Europe / Italy
EPI_ISL_18846283	2023-05	2024-01-09	Europe / Italy
EPI_ISL_18846284	2023-05	2024-01-09	Europe / Italy
EPI_ISL_18846285	2023-05	2024-01-09	Europe / Italy
EPI_ISL_18846286	2023-05	2024-01-09	Europe / Italy
EPI_ISL_18846287	2023-05	2024-01-09	Europe / Italy
EPI_ISL_18846288	2023-05	2024-01-09	Europe / Italy
EPI_ISL_18846289	2023-05	2024-01-09	Europe / Italy
EPI_ISL_18846290	2023-05	2024-01-09	Europe / Italy
EPI_ISL_18846291	2023-05	2024-01-09	Europe / Italy
EPI_ISL_18846292	2023-05	2024-01-09	Europe / Italy
EPI_ISL_18846293	2023-05	2024-01-09	Europe / Italy
EPI_ISL_18846294	2023-05	2024-01-09	Europe / Italy
EPI_ISL_18846295	2023-05	2024-01-09	Europe / Italy
EPI_ISL_18846296	2023-05	2024-01-09	Europe / Italy
EPI_ISL_18846297	2023-05	2024-01-09	Europe / Italy
EPI_ISL_18846298	2023-05	2024-01-09	Europe / Italy
EPI_ISL_18846299	2023-05	2024-01-09	Europe / Italy
EPI_ISL_18846300	2023-05	2024-01-09	Europe / Italy
EPI_ISL_18846301	2023-05	2024-01-09	Europe / Italy
EPI_ISL_18846302	2023-05	2024-01-09	Europe / Italy
EPI_ISL_18846303	2023-05	2024-01-09	Europe / Italy
EPI_ISL_18846304	2023-05	2024-01-09	Europe / Italy
EPI_ISL_18846305	2023-05	2024-01-09	Europe / Italy
EPI_ISL_18846306	2023-05	2024-01-09	Europe / Italy
EPI_ISL_18846307	2023-05	2024-01-09	Europe / Italy
EPI_ISL_18846308	2023-05	2024-01-09	Europe / Italy
EPI_ISL_18846309	2023-05	2024-01-09	Europe / Italy
EPI_ISL_18846310	2023-05	2024-01-09	Europe / Italy
EPI_ISL_18846311	2023-05	2024-01-09	Europe / Italy
EPI_ISL_18846312	2023-05	2024-01-09	Europe / Italy
EPI_ISL_18846313	2023-05	2024-01-09	Europe / Italy
EPI_ISL_18846314	2023-05	2024-01-09	Europe / Italy
EPI_ISL_18846315	2023-05	2024-01-09	Europe / Italy
EPI_ISL_18846316	2023-05	2024-01-09	Europe / Italy
EPI_ISL_18846317	2023-05	2024-01-09	Europe / Italy
EPI_ISL_18846318	2023-05	2024-01-09	Europe / Italy
EPI_ISL_18846319	2023-05	2024-01-09	Europe / Italy
EPI_ISL_18846320	2023-05	2024-01-09	Europe / Italy
EPI_ISL_18846321	2023-12	2024-01-18	North America / USA / Washington
EPI_ISL_18846322	2023-12	2024-01-18	North America / USA / Washington
EPI_ISL_18846323	2023-12	2024-01-18	North America / USA / Washington
EPI_ISL_18890763	2023-05	2024-01-29	Europe / Italy / Campania
EPI_ISL_18890764	2023-05	2024-01-29	Europe / Italy / Campania
EPI_ISL_18890765	2023-05	2024-01-29	Europe / Italy / Campania
EPI_ISL_18890766	2023-05	2024-01-29	Europe / Italy / Campania
EPI_ISL_18890767	2023-05	2024-01-29	Europe / Italy / Campania
EPI_ISL_18890768	2023-05	2024-01-29	Europe / Italy / Campania
EPI_ISL_18890769	2023-05	2024-01-29	Europe / Italy / Campania
EPI_ISL_18890770	2023-05	2024-01-29	Europe / Italy / Campania
EPI_ISL_18890771	2023-05	2024-01-29	Europe / Italy / Campania
EPI_ISL_18890772	2023-05	2024-01-29	Europe / Italy / Campania
EPI_ISL_18890773	2023-05	2024-01-29	Europe / Italy / Campania
EPI_ISL_18890774	2023-05	2024-01-29	Europe / Italy / Campania
EPI_ISL_18890775	2023-05	2024-01-29	Europe / Italy / Campania
EPI_ISL_18890776	2023-05	2024-01-29	Europe / Italy / Campania
EPI_ISL_18890777	2023-05	2024-01-29	Europe / Italy / Campania
EPI_ISL_18890778	2023-05	2024-01-29	Europe / Italy / Campania
EPI_ISL_18890779	2023-05	2024-01-29	Europe / Italy / Campania
EPI_ISL_19230662	2023-09	2023-12-20	Europe / Germany
EPI_ISL_19230663	2023-11	2023-12-20	Europe / Germany
EPI_ISL_19230664	2023-10	2023-12-20	Europe / Germany
EPI_ISL_19230665	2023-10	2023-12-20	Europe / Germany
EPI_ISL_19230666	2023-09	2023-12-20	Europe / Germany
EPI_ISL_19230667	2022-07-12	2023-12-27	South America / Argentina
EPI_ISL_19230668	2022-07-13	2023-12-20	South America / Argentina
EPI_ISL_19230669	2022-06-08	2023-12-27	South America / Argentina
EPI_ISL_19307564	2023	2023-11-07	Asia / China
EPI_ISL_19307565	2023	2023-11-07	Asia / China
